"File"	"Id"	"Bg"	"Loc"
"scenes"	"s_world_zhangjie"	"img_train.png"	"站台 · 张杰"
"scenes"	"s_world_rain"	"img_train.png"	"站台 · 蕾恩"
"scenes"	"s_world_kaplan"	"img_redqueen.png"	"机房走廊 · 卡普兰"
"scenes"	"s_world_yihao"	"img_corridor.png"	"B区走廊 · 一号"
"scenes"	"s_world_back"	""	""
"scenes"	"s_office"	"img_office.png"	"现实世界 · 深夜办公室"
"scenes"	"s_office_phone"	"img_office.png"	"现实世界 · 深夜办公室"
"scenes"	"s_yes"	"img_office.png"	"？？？？"
"scenes"	"s_nexus"	"img_nexus.png"	"主神空间 · 半圆形广场"
"scenes"	"s_nexus2"	"img_nexus.png"	"主神空间 · 半圆形广场"
"scenes"	"s_weapon"	"img_nexus.png"	"主神空间 · 武器架"
"scenes"	"s_warning"	"img_nexus.png"	"主神空间 · 半圆形广场"
"scenes"	"s_nexus_god"	"img_nexus.png"	"主神空间 · 中央光柱"
"scenes"	"s_nexus_exchange"	"img_nexus.png"	"主神空间 · 兑换光球"
"scenes"	"s_nexus_exchange_gene"	"img_nexus.png"	"主神空间 · 基因进化光球"
"scenes"	"s_nexus_exchange_blood"	"img_nexus.png"	"主神空间 · 高等血统光球"
"scenes"	"s_nexus_exchange_xiu"	"img_nexus.png"	"主神空间 · 真元光球"
"scenes"	"s_nexus_exchange_tech"	"img_nexus.png"	"主神空间 · 科技侧光球"
"scenes"	"s_nexus_exchange_skill"	"img_nexus.png"	"主神空间 · 技能秘藏"
"scenes"	"s_nexus_skcat_xiu"	"img_nexus.png"	"技能 · 修真"
"scenes"	"s_nexus_skcat_ww"	"img_nexus.png"	"技能 · 武道"
"scenes"	"s_nexus_skcat_gene"	"img_nexus.png"	"技能 · 基因"
"scenes"	"s_nexus_skcat_blood"	"img_nexus.png"	"技能 · 血统"
"scenes"	"s_nexus_skcat_holy"	"img_nexus.png"	"技能 · 圣光"
"scenes"	"s_nexus_skcat_tech"	"img_nexus.png"	"技能 · 科技"
"scenes"	"s_nexus_skcat_nt"	"img_nexus.png"	"技能 · 超能NT"
"scenes"	"s_nexus_skcat_meme"	"img_nexus.png"	"技能 · 模因"
"scenes"	"s_nexus_skcat_util"	"img_nexus.png"	"技能 · 通用"
"scenes"	"s_nexus_exchange_shop"	"img_nexus.png"	"主神空间 · 道具铺"
"scenes"	"s_nexus_exchange_craft"	"img_nexus.png"	"主神空间 · 合成工坊"
"scenes"	"s_nexus_exchange_done"	"img_nexus.png"	"主神空间 · 兑换光球"
"scenes"	"s_nexus_exchange_fail"	"img_nexus.png"	"主神空间 · 兑换光球"
"scenes"	"s_nexus_resurrection"	"img_nexus.png"	"主神空间 · 复活祭坛"
"scenes"	"s_nexus_resurrect_done"	"img_nexus.png"	"主神空间 · 复活祭坛"
"scenes"	"s_nexus_resurrect_none"	"img_nexus.png"	"主神空间 · 复活祭坛"
"scenes"	"s_nexus_resurrect_fail"	"img_nexus.png"	"主神空间 · 复活祭坛"
"scenes"	"s_nexus_zhangjie"	"img_nexus.png"	"主神空间 · 半圆广场 · 张杰"
"scenes"	"s_nexus_zhengzha"	"img_nexus.png"	"主神空间 · 广场东侧 · 郑吒"
"scenes"	"s_nexus_chuxuan"	"img_nexus.png"	"主神空间 · 广场北侧 · 楚轩"
"scenes"	"s_nexus_zhanlan"	"img_nexus.png"	"主神空间 · 广场西南 · 詹岚"
"scenes"	"s_nexus_zhaoyingkong"	"img_nexus.png"	"主神空间 · 广场南缘 · 赵樱空"
"scenes"	"s_nexus_new_cycle"	"img_nexus.png"	"主神空间 · 中央光柱"
"scenes"	"s_nexus_briefing"	"img_nexus.png"	"主神空间 · 中央光柱 · 登记台"
"scenes"	"s_train"	"img_train.png"	"《生化危机》 · 地下列车"
"scenes"	"s_train_rain"	"img_train.png"	"《生化危机》 · 地下列车"
"scenes"	"s_mission"	"img_train.png"	"《生化危机》 · 废弃站台"
"scenes"	"s_corridor"	"img_corridor.png"	"蜂巢 · B区走廊"
"scenes"	"s_observe_lab"	"img_corridor.png"	"蜂巢 · B区走廊"
"scenes"	"s_bhall"	"img_corridor.png"	"蜂巢 · B餐厅"
"scenes"	"s_fight_zombie1_save"	"img_corridor.png"	"蜂巢 · B餐厅"
"scenes"	"s_fight_zombie1_far"	"img_corridor.png"	"蜂巢 · B餐厅"
"scenes"	"s_b_sterile_lab"	"img_sterile_lab.png"	"实验层 · 白色无菌实验室"
"scenes"	"s_b_sterile_note"	"img_sterile_lab.png"	"实验层 · 无菌实验室"
"scenes"	"s_b_sterile_petri"	"img_sterile_lab.png"	"实验层 · 无菌实验室"
"scenes"	"s_fight_b_guard"	"img_sterile_lab.png"	"实验层 · 无菌实验室"
"scenes"	"s_b_sterile_after"	"img_sterile_lab.png"	"实验层 · 无菌实验室"
"scenes"	"s_b_sterile_leave"	"img_sterile_lab.png"	"实验层 · 无菌实验室"
"scenes"	"s_b_kitchen_after"	"img_b_kitchen.png"	"实验层 · 厨房"
"scenes"	"s_b_kitchen_loot"	"img_b_kitchen.png"	"实验层 · 冷藏库"
"scenes"	"s_virus_vault"	"img_virus_vault.png"	"实验层 · 病毒样本库"
"scenes"	"s_research_terminal"	"img_virus_vault.png"	"实验层 · 样本库"
"scenes"	"s_research_log"	"img_virus_vault.png"	"实验层 · 样本库"
"scenes"	"s_virus_safe"	"img_virus_vault.png"	"实验层 · 样本库保险柜"
"scenes"	"s_virus_sample_got"	"img_virus_vault.png"	"实验层 · 样本库"
"scenes"	"s_vault_alarm"	"img_virus_vault.png"	"实验层 · 样本库"
"scenes"	"s_fight_mut_guard"	"img_virus_vault.png"	"实验层 · 样本库"
"scenes"	"s_virus_vault_after"	"img_virus_vault.png"	"实验层 · 样本库"
"scenes"	"s_isolation_room"	"img_isolation.png"	"实验层 · 隔离观察室"
"scenes"	"s_fight_licker_larva"	"img_isolation.png"	"实验层 · 隔离观察室"
"scenes"	"s_isolation_after"	"img_isolation.png"	"实验层 · 隔离观察室"
"scenes"	"s_iso_flee"	"img_isolation.png"	"实验层 · 隔离观察室"
"scenes"	"s_after_zombie1_save"	"img_corridor.png"	"蜂巢 · B餐厅"
"scenes"	"s_after_zombie1_far"	"img_corridor.png"	"蜂巢 · B餐厅"
"scenes"	"s_find_adrenaline"	"img_corridor.png"	"蜂巢 · B餐厅厨房"
"scenes"	"s_to_redqueen"	"img_redqueen.png"	"蜂巢 · 中央机房"
"scenes"	"s_redqueen_quiz"	"img_redqueen.png"	"红后 · 逻辑验证终端"
"scenes"	"s_rq_pipe"	"img_redqueen.png"	"验证一 · 冷却管道配比"
"scenes"	"s_rq_pipe_ok"	"img_redqueen.png"	"验证一 · 通过"
"scenes"	"s_rq_pipe_no"	"img_redqueen.png"	"验证一 · 失败"
"scenes"	"s_rq_circuit"	"img_redqueen.png"	"验证二 · 主电路通电顺序"
"scenes"	"s_rq_circuit_ok"	"img_redqueen.png"	"验证二 · 通过"
"scenes"	"s_rq_circuit_no"	"img_redqueen.png"	"验证二 · 失败"
"scenes"	"s_rq_access"	"img_redqueen.png"	"验证三 · 员工权限验证"
"scenes"	"s_rq_access_ok"	"img_redqueen.png"	"验证三 · 通过"
"scenes"	"s_rq_access_no"	"img_redqueen.png"	"验证三 · 失败"
"scenes"	"s_rq_truth"	"img_redqueen.png"	"验证四 · 说谎者推理"
"scenes"	"s_rq_truth_ok"	"img_redqueen.png"	"验证四 · 通过"
"scenes"	"s_rq_truth_no"	"img_redqueen.png"	"验证四 · 失败"
"scenes"	"s_rq_ask"	"img_redqueen.png"	"红后 · 问答"
"scenes"	"s_rq_ask_tvirus"	"img_redqueen.png"	"红后 · T病毒"
"scenes"	"s_rq_ask_hive"	"img_redqueen.png"	"红后 · 蜂巢真相"
"scenes"	"s_rq_ask_laser"	"img_redqueen.png"	"红后 · 激光通道"
"scenes"	"s_laser_observed"	"img_redqueen.png"	"蜂巢 · 机房外 · 检修通道口"
"scenes"	"s_shutdown"	"img_redqueen.png"	"蜂巢 · 中央机房"
"scenes"	"s_laser_cine"	"img_laser.png"	"蜂巢 · 激光通道"
"scenes"	"s_laser"	"img_laser.png"	"蜂巢 · 激光通道"
"scenes"	"s_laser_q1"	"img_laser.png"	"蜂巢 · 激光通道 · 第一波"
"scenes"	"s_laser_q2"	"img_laser.png"	"蜂巢 · 激光通道 · 第二波"
"scenes"	"s_laser_q3"	"img_laser.png"	"蜂巢 · 激光通道 · 最终波"
"scenes"	"s_fail_q1"	"img_laser.png"	"蜂巢 · 激光通道 · 第一波"
"scenes"	"s_fail_q2"	"img_laser.png"	"蜂巢 · 激光通道 · 第二波"
"scenes"	"s_fail_q3"	"img_laser.png"	"蜂巢 · 激光通道 · 最终波"
"scenes"	"s_laser_end"	"img_laser.png"	"蜂巢 · 配电室"
"scenes"	"s_after_laser"	"img_redqueen.png"	"蜂巢 · 机房回廊"
"scenes"	"s_waterway"	"img_corridor.png"	"蜂巢 · 实验室水道"
"scenes"	"s_fight_horde"	"img_corridor.png"	"蜂巢 · 水道遭遇战"
"scenes"	"s_rain_bitten"	"img_train.png"	"蜂巢 · 站台"
"scenes"	"s_adrenaline_used"	"img_train.png"	"蜂巢 · 站台"
"scenes"	"s_final_station"	"img_train.png"	"蜂巢 · 站台"
"scenes"	"s_boss_intro"	"img_licker.png"	"站台 · 天花板上的东西"
"scenes"	"s_boss"	"img_licker.png"	"决战 · 舔食者"
"scenes"	"s_escape_train"	"img_train.png"	"逃离蜂巢"
"scenes"	"s_settle"	"img_settle.png"	"主神空间 · 结算"
"scenes"	"e_mediocre"	""	""
"scenes"	"e_laser"	""	""
"scenes"	"e_zombies"	""	""
"scenes"	"e_licker"	""	""
"scenes"	"e_sancollapse"	""	""
"scenes"	"e_generic"	""	""
"scenes"	"d_train_console"	"img_train.png"	"站台 · 列车控制台"
"scenes"	"d_luggage"	"img_train.png"	"车厢 · 行李架"
"scenes"	"d_platform_map"	"img_train.png"	"站台 · 导览图"
"scenes"	"d_decon"	"img_corridor.png"	"入口走廊 · 消毒终端"
"scenes"	"d_entrance_gate"	"img_corridor.png"	"入口 · 大门密码锁"
"scenes"	"d_adrenaline"	"img_b_kitchen.png"	"厨房 · 急救箱"
"scenes"	"d_redqueen"	"img_redqueen.png"	"机房 · 红后终端"
"scenes"	"d_schematic"	"img_laser.png"	"走廊 · 激光通道示意图"
"scenes"	"d_files"	"img_corridor.png"	"档案室 · 员工档案柜"
"scenes"	"d_meds"	"img_isolation.png"	"医务室 · 药品柜"
"scenes"	"d_server"	"img_redqueen.png"	"核心层 · 服务器阵列"
"scenes"	"d_main_console"	"img_redqueen.png"	"核心层 · 主控终端"
"scenes"	"s_decon_truth"	"img_redqueen.png"	"核心层 · 主控终端 · 消毒执行记录"
"scenes"	"d_manual"	"img_redqueen.png"	"核心层 · 安全手册"
"scenes"	"d_pipe_valve"	"img_corridor.png"	"底层 · 管道阀门"
"scenes"	"d_cooling_valve"	"img_redqueen.png"	"核心层 · 冷却回路阀组"
"scenes"	"d_cooling_valve_wrong"	"img_redqueen.png"	"核心层 · 冷却回路阀组"
"scenes"	"d_drain_gate"	"img_corridor.png"	"底层 · 排水总闸"
"scenes"	"d_firstaid"	"img_train.png"	"底层站台 · 急救点"
"scenes"	"d_train_door"	"img_train.png"	"底层 · 列车车门开关"
"scenes"	"d_backup_power"	"img_corridor.png"	"底层 · 备用电源箱"
"baisun"	"bs_00"	"img_corridor.png"	"医院停车场 ≪第二端 ≫"
"baisun"	"bs_l1_hub"	"img_zhuyuan_book.png"	"L1 · 医院停车场"
"baisun"	"bs_01_crane"	"img_zhuyuan_book.png"	"L1 · 吊机摇臂"
"baisun"	"bs_01_slip"	"img_zhuyuan_book.png"	"L1 · 湿滑警戒带"
"baisun"	"bs_01_car"	"img_zhuyuan_book.png"	"L1 · 焦黑轿车"
"baisun"	"bs_01_box"	"img_zhuyuan_book.png"	"L1 · 悬空铁箱"
"baisun"	"bs_02_guard"	"img_zhuyuan_book.png"	"L1 · 值班室"
"baisun"	"bs_10_drop"	"img_zhuyuan_book.png"	"L1 · 吊机坠物区"
"baisun"	"bs_l2_hub"	"img_corridor.png"	"L2 · 室内商场合订结构"
"baisun"	"bs_04_handrail"	"img_corridor.png"	"L2 · 扶梯扶手"
"baisun"	"bs_04_cabinet"	"img_corridor.png"	"L2 · 停用电梯轿厢"
"baisun"	"bs_04_sign"	"img_corridor.png"	"L2 · 超载报警灯"
"baisun"	"bs_04_duct"	"img_corridor.png"	"L2 · 商场风道"
"baisun"	"bs_05_clerk"	"img_corridor.png"	"L2 · 客服台"
"baisun"	"bs_06_gate2"	"img_corridor.png"	"L2 · 货运电梯轿厢门"
"baisun"	"bs_11_elev"	"img_corridor.png"	"L2 · 电梯轿厢夹缝"
"baisun"	"bs_l3_hub"	"img_laser.png"	"L3 · 电影院逃生梯"
"baisun"	"bs_07_projector"	"img_laser.png"	"L3 · 放映室"
"baisun"	"bs_07_extinguisher"	"img_laser.png"	"L3 · 灭火器柜"
"baisun"	"bs_07_sprinkler"	"img_laser.png"	"L3 · 洒水喷头"
"baisun"	"bs_07_sign"	"img_laser.png"	"L3 · 逃生指示牌"
"baisun"	"bs_08_janitor"	"img_laser.png"	"L3 · 走廊拐角"
"baisun"	"bs_12_fire"	"img_laser.png"	"L3 · 逃生梯失火段"
"baisun"	"bs_garage"	"img_laser.png"	"L3 · 逃生梯楼梯间"
"baisun"	"bs_boss_round"	"img_laser.png"	"L3 · 逃生梯楼梯间 · 决战"
"baisun"	"bs_boss_win"	"img_laser.png"	"L3 · 逃生梯楼梯间"
"baisun"	"bs_09_gate3"	"img_laser.png"	"L3 · 逃生梯防火门"
"baisun"	"bs_settle"	"img_laser.png"	"命运清单 · 第二端 · 结算"
"baisun"	"bs_42_card"	""	""
"baisun"	"bs_50_death"	""	""
"bihai"	"bh_00"	"bihai_bg.png"	"深海舱 · ≪阴影从海底亮起≫"
"bihai"	"bh_l1_hub"	"img_zhuyuan_book.png"	"L1 · 深海潜水器舱"
"bihai"	"bh_01_sonar"	"img_zhuyuan_book.png"	"L1 · 声呐室"
"bihai"	"bh_01_view"	"img_zhuyuan_book.png"	"L1 · 观察舷窗"
"bihai"	"bh_01_hull"	"img_zhuyuan_book.png"	"L1 · 舱壁裂缝"
"bihai"	"bh_01_air"	"img_zhuyuan_book.png"	"L1 · 氧气管路"
"bihai"	"bh_01_store"	"img_zhuyuan_book.png"	"L1 · 储物舱"
"bihai"	"bh_n1_diver"	"img_zhuyuan_book.png"	"L1 · 潜水员舱"
"bihai"	"bh_01_gate"	"img_zhuyuan_book.png"	"L1 · 中央水密舱门"
"bihai"	"bh_l2_hub"	"img_corridor.png"	"L2 · 沉船残骸"
"bihai"	"bh_02_captain"	"img_corridor.png"	"L2 · 船长室"
"bihai"	"bh_02_cargo"	"img_corridor.png"	"L2 · 货舱"
"bihai"	"bh_02_machine"	"img_corridor.png"	"L2 · 底舱机房"
"bihai"	"bh_02_artifact"	"img_corridor.png"	"L2 · 邪神石碑残片"
"bihai"	"bh_n2_survivor"	"img_corridor.png"	"L2 · 底舱角落"
"bihai"	"bh_l3_hub"	"img_corridor.png"	"L3 · 海沟深渊"
"bihai"	"bh_03_altar"	"img_laser.png"	"L3 · 中央祭坛"
"bihai"	"bh_03_eye"	"img_laser.png"	"L3 · 深渊巨眼"
"bihai"	"bh_03_whisper"	"img_laser.png"	"L3 · 低语裂隙"
"bihai"	"bh_n3_cult"	"img_laser.png"	"L3 · 渊边巨石"
"bihai"	"bh_06_e1"	"img_laser.png"	"L1 · 潜水器舱 · 遭遇战"
"bihai"	"bh_06_e2"	"img_laser.png"	"L2 · 货舱 · 遭遇战"
"bihai"	"bh_06_e3"	"img_laser.png"	"L3 · 祭坛影 · 遭遇战"
"bihai"	"bh_boss"	"img_laser.png"	"L3 · 深渊祭坛 · BOSS"
"bihai"	"bh_boss_round"	"img_laser.png"	"L3 · 深渊祭坛 · 决战"
"bihai"	"bh_end_choice"	"img_laser.png"	"L3 · 深渊 · 开放结局"
"bihai"	"bh_win_escape"	"img_corridor.png"	"结局 · 逃离海沟"
"bihai"	"bh_win_sacrifice"	"img_laser.png"	"结局 · 献祭"
"bihai"	"bh_win_assimilate"	"img_laser.png"	"结局 · 同化"
"bihai"	"bh_20_pressure"	"img_laser.png"	"L3 · 深水压区"
"bihai"	"bh_21_anoxia"	"img_laser.png"	"L3 · 缺氧区"
"bihai"	"bh_42_card"	""	""
"bihai"	"bh_50_death"	""	""
"cangjingge"	"cj_00"	"cangjingge_bg.png"	"藏经阁 · 山门"
"cangjingge"	"cj_01"	"img_zhuyuan_book.png"	"L0 · 山门与经堂"
"cangjingge"	"cj_05_stele"	"img_zhuyuan_book.png"	"L0 · 山门石经幢"
"cangjingge"	"cj_03_laoseng"	"img_zhuyuan_book.png"	"L0 · 檐下 · 旁侍老僧"
"cangjingge"	"cj_04_sign"	"img_zhuyuan_book.png"	"L0 · 解签炉"
"cangjingge"	"cj_06_bell"	"img_zhuyuan_book.png"	"L0 · 铜铃法台"
"cangjingge"	"cj_05_plaque"	"img_zhuyuan_book.png"	"L0 · 藏经阁匾额"
"cangjingge"	"cj_10_arrive_floor1"	"img_laser.png"	"L1 · 藏经阁一楼"
"cangjingge"	"cj_11_scroll_a"	"img_laser.png"	"L1 · 书架 · 武学残卷·甲"
"cangjingge"	"cj_11_scroll_b"	"img_laser.png"	"L1 · 书架 · 武学残卷·乙"
"cangjingge"	"cj_11_scroll_c"	"img_laser.png"	"L1 · 书架 · 武学残卷·丙"
"cangjingge"	"cj_13_keeper_note"	"img_laser.png"	"L1 · 守经人手札"
"cangjingge"	"cj_20_shuling"	"img_laser.png"	"L1 · 经阁书灵封印台"
"cangjingge"	"cj_20_shuling_fight"	"img_laser.png"	"L1 · 经阁书灵封印台"
"cangjingge"	"cj_20_shuling_win"	"img_laser.png"	"L1 · 经阁书灵封印台"
"cangjingge"	"cj_10_guard2_win"	"img_laser.png"	"L1 · 书梯口"
"cangjingge"	"cj_10_slip"	"img_laser.png"	"L1 · 屋脊滑道"
"cangjingge"	"cj_14_lift"	"img_laser.png"	"L1 · 中央书梯（G2 已开）"
"cangjingge"	"cj_14_arrive_floor2"	"img_corridor.png"	"L2 · 禁书库"
"cangjingge"	"cj_15_forbidden"	"img_corridor.png"	"L2 · 禁书卷题"
"cangjingge"	"cj_16_chanfang"	"img_corridor.png"	"L2 · 守阁僧禅房 · 闭户"
"cangjingge"	"cj_17_tan_key"	"img_corridor.png"	"L2 · 锁钥架 · 檀木匣"
"cangjingge"	"cj_19_arrive_tower"	"img_zhuyuan_book.png"	"L3 · 秘籍塔顶"
"cangjingge"	"cj_18_juexue"	"img_zhuyuan_book.png"	"L3 · 绝学密室 · 心法刻壁"
"cangjingge"	"cj_22_shouge"	"img_zhuyuan_book.png"	"L3 · 秘籍塔 · 决战"
"cangjingge"	"cj_shouge_round"	"img_zhuyuan_book.png"	"L3 · 秘籍塔 · 激战"
"cangjingge"	"cj_23_shouge_down"	"img_zhuyuan_book.png"	"L3 · 秘籍塔"
"cangjingge"	"cj_24_shouge_freed"	"img_zhuyuan_book.png"	"L3 · 秘籍塔 · 解脱"
"cangjingge"	"cj_26_xinmo_door"	"img_laser.png"	"L3 · 心魔洞口"
"cangjingge"	"cj_xinmo_round"	"img_laser.png"	"L3 · 心魔洞 · 激战"
"cangjingge"	"cj_27_xinmo_win"	"img_laser.png"	"L3 · 心魔洞"
"cangjingge"	"cj_30_box"	"img_zhuyuan_book.png"	"L3 · 经匣石台"
"cangjingge"	"cj_31_exit"	"img_zhuyuan_book.png"	"L3 · 撤离阵"
"cangjingge"	"cj_32_card"	""	""
"cangjingge"	"cj_40_death"	""	""
"cangjingge"	"cj_40_death_shouge"	""	""
"cangjingge"	"cj_40_death_xinmo"	""	""
"daliexi"	"dl_00"	"daliexi_bg.png"	"大裂隙 · 裂口边缘"
"daliexi"	"dl_hub"	"daliexi_bg.png"	"大裂隙 · 边缘营地"
"daliexi"	"dl_edge"	"daliexi_bg.png"	"大裂隙 · 断层岩台"
"daliexi"	"dl_bridge"	"daliexi_bg.png"	"大裂隙 · 跨裂旧桥"
"daliexi"	"dl_subsidence"	"daliexi_bg.png"	"大裂隙 · 塌陷的屋"
"daliexi"	"dl_ascent"	"daliexi_bg.png"	"大裂隙 · 灰雾柱"
"daliexi"	"dl_prospector"	"daliexi_bg.png"	"大裂隙 · 边缘营地"
"daliexi"	"dl_watcher"	"daliexi_bg.png"	"大裂隙 · 守夜人棚"
"daliexi"	"dl_gather"	"daliexi_bg.png"	"大裂隙 · 雾浓处"
"daliexi"	"dl_prelude"	"img_laser.png"	"大裂隙 · 裂口最先醒的地方"
"daliexi"	"dl_01"	"img_zhuyuan_book.png"	"裂口崖岸"
"daliexi"	"dl_round"	"img_laser.png"	"决战 · 裂口崖岸"
"daliexi"	"dl_end_look"	""	""
"daliexi"	"dl_end_souvenir"	""	""
"daliexi"	"dl_end_stay"	""	""
"daliexi"	"dl_card"	""	""
"daliexi"	"dl_death"	""	""
"dashengtang"	"ds_00"	"dashengtang_bg.png"	"大圣所 · 正门"
"dashengtang"	"ds_hub"	"dashengtang_bg.png"	"大圣所 · 中殿"
"dashengtang"	"ds_reliquary"	"dashengtang_bg.png"	"圣物陈列室"
"dashengtang"	"ds_chandelier"	"dashengtang_bg.png"	"中殿 · 大吊灯下"
"dashengtang"	"ds_tanhai"	"dashengtang_bg.png"	"圣坛前"
"dashengtang"	"ds_crypt"	"dashengtang_bg.png"	"大圣所 · 地下墓穴"
"dashengtang"	"ds_acolyte"	"dashengtang_bg.png"	"中殿 · 执灯人"
"dashengtang"	"ds_verger"	"dashengtang_bg.png"	"圣所侧门 · 司事"
"dashengtang"	"ds_gather"	"dashengtang_bg.png"	"大圣所 · 圣光渐热"
"dashengtang"	"ds_prelude"	"img_laser.png"	"圣坛后 · 圣光之核"
"dashengtang"	"ds_01"	"img_zhuyuan_book.png"	"圣坛后的甬道"
"dashengtang"	"ds_round"	"img_laser.png"	"决战 · 圣光之核"
"dashengtang"	"ds_end_look"	""	""
"dashengtang"	"ds_end_souvenir"	""	""
"dashengtang"	"ds_end_stay"	""	""
"dashengtang"	"ds_card"	""	""
"dashengtang"	"ds_death"	""	""
"diweidu"	"dw_00"	"diweidu_bg.png"	"低维边陲 · 入口"
"diweidu"	"dw_hub"	"diweidu_bg.png"	"低维领地 · 裂隙市"
"diweidu"	"dw_pt_mirror"	"diweidu_bg.png"	"裂隙市 · 倒影旧屋"
"diweidu"	"dw_pt_tower"	"diweidu_bg.png"	"裂隙市 · 中央高塔"
"diweidu"	"dw_pt_shadow"	"diweidu_bg.png"	"裂隙市 · 空旷广场"
"diweidu"	"dw_pt_fountain"	"diweidu_bg.png"	"裂隙市 · 破碎喷泉"
"diweidu"	"dw_pt_market"	"diweidu_bg.png"	"裂隙市 · 倒影集市"
"diweidu"	"dw_np_hoarder"	"diweidu_bg.png"	"裂隙市 · 拾荒者窝棚"
"diweidu"	"dw_np_painter"	"diweidu_bg.png"	"裂隙市 · 画师铺"
"diweidu"	"dw_01b_prep"	"diweidu_bg.png"	"大领主宫邸 · 镜厅门前"
"diweidu"	"dw_01"	"img_zhuyuan_book.png"	"大领主宫邸"
"diweidu"	"dw_round"	"img_laser.png"	"大领主宫邸 · 决战处"
"diweidu"	"dw_end_choice"	"diweidu_bg.png"	"决战之后 · 裂隙尽头"
"diweidu"	"dw_card"	""	""
"diweidu"	"dw_death"	""	""
"hangu"	"hg_00"	"hangu_bg.png"	"函谷关口 · 城墙下"
"hangu"	"hg_hub"	"hangu_bg.png"	"函谷关 · 主街"
"hangu"	"hg_pt_wall"	"hangu_bg.png"	"北城墙 · 女墙"
"hangu"	"hg_pt_forge"	"hangu_bg.png"	"关内 · 铁匠铺"
"hangu"	"hg_pt_altar"	"hangu_bg.png"	"关内 · 旧祭坛"
"hangu"	"hg_pt_well"	"hangu_bg.png"	"关内 · 枯井"
"hangu"	"hg_pt_arsenal"	"hangu_bg.png"	"关内 · 箭楼"
"hangu"	"hg_np_people"	"hangu_bg.png"	"关内 · 民夫营"
"hangu"	"hg_np_chaobo"	"hangu_bg.png"	"主墙楼 · 晁伯"
"hangu"	"hg_01b_prep"	"hangu_bg.png"	"决战关隘 · 城门口"
"hangu"	"hg_01"	"img_zhuyuan_book.png"	"决战关隘"
"hangu"	"hg_round"	"img_laser.png"	"决战关隘"
"hangu"	"hg_end_choice"	"hangu_bg.png"	"决战之后 · 城墙之上"
"hangu"	"hg_card"	""	""
"hangu"	"hg_death"	""	""
"hezi"	"hz_00"	"hezi_bg.png"	"倒影界 · 入境口"
"hezi"	"hz_01"	"img_laser.png"	"F1 · 倒映平原 · 逆流之河"
"hezi"	"hz_01_river"	"img_laser.png"	"F1 · 逆流之河"
"hezi"	"hz_02_grass"	"img_laser.png"	"F1 · 倒悬草地"
"hezi"	"hz_03_rain"	"img_laser.png"	"F1 · 静止的雨"
"hezi"	"hz_04_pebble"	"img_laser.png"	"F1 · 棱光石滩"
"hezi"	"hz_01_fight"	"img_laser.png"	"F1 · 平原 · 擦肩"
"hezi"	"hz_04_gate"	"img_laser.png"	"F1 · 微光幕（G1 已开）"
"hezi"	"hz_10_arrive"	"img_redqueen.png"	"F2 · 荧光石林 · 水晶回廊"
"hezi"	"hz_11_forest"	"img_redqueen.png"	"F2 · 荧光石林"
"hezi"	"hz_12_echo"	"img_redqueen.png"	"F2 · 回音谷"
"hezi"	"hz_13_flowers"	"img_redqueen.png"	"F2 · 结晶花丛"
"hezi"	"hz_14_lake"	"img_redqueen.png"	"F2 · 会说话的湖"
"hezi"	"hz_10_fight"	"img_redqueen.png"	"F2 · 石林 · 共鸣"
"hezi"	"hz_20_arrive"	"img_zhuyuan_book.png"	"F3 · 倒悬星海 · 界域阙"
"hezi"	"hz_21_stars"	"img_zhuyuan_book.png"	"F3 · 倒悬星海"
"hezi"	"hz_22_gate"	"img_zhuyuan_book.png"	"F3 · 界域阙"
"hezi"	"hz_23_giant"	"img_zhuyuan_book.png"	"F3 · 沉睡的巨人"
"hezi"	"hz_npc_whale"	"img_zhuyuan_book.png"	"F3 · 巨鲸低鸣"
"hezi"	"hz_20_fight"	"img_zhuyuan_book.png"	"F3 · 星海 · 伴游"
"hezi"	"hz_30_guardian"	"img_laser.png"	"F3 · 界域守护兽 · 镜潮兽"
"hezi"	"hz_31_friendly"	"img_laser.png"	"F3 · 镜潮兽 · 握手"
"hezi"	"hz_31_battle"	"img_laser.png"	"F3 · 直面镜潮兽"
"hezi"	"hz_31_round"	"img_laser.png"	"F3 · 镜潮兽 · 切磋"
"hezi"	"hz_32_guardian_peace"	"img_zhuyuan_book.png"	"F3 · 与镜潮兽和解"
"hezi"	"hz_33_guardian_down"	"img_zhuyuan_book.png"	"F3 · 切磋毕"
"hezi"	"hz_40_ending"	"img_zhuyuan_book.png"	"F3 · 倒悬星海 · 抉择"
"hezi"	"hz_41_exit"	"img_zhuyuan_book.png"	"F3 · 星海 · 尾声"
"hezi"	"hz_42_card"	""	""
"hezi"	"hz_50_death"	""	""
"huanxiongshi"	"hx_00"	"huanxiongshi_bg.png"	"F1 RPD 警局 · 主厅"
"huanxiongshi"	"hx_f1_hub"	"img_corridor.png"	"F1 RPD 警局 · 主厅"
"huanxiongshi"	"hx_f1_lockup"	"img_corridor.png"	"F1 枪械保险柜"
"huanxiongshi"	"hx_f1_med"	"img_corridor.png"	"F1 医务室"
"huanxiongshi"	"hx_f1_radio"	"img_corridor.png"	"F1 对讲电台"
"huanxiongshi"	"hx_f1_log"	"img_corridor.png"	"F1 警长日志"
"huanxiongshi"	"hx_f1_morgue"	"img_corridor.png"	"F1 停尸间"
"huanxiongshi"	"hx_f1_roof"	"img_corridor.png"	"F1 警局屋顶"
"huanxiongshi"	"hx_n_shen"	"img_corridor.png"	"F1 大厅 · 沈哲旁"
"huanxiongshi"	"hx_f1_boss_zone"	"img_horde.png"	"F1 地下机库 · 暴君破墙"
"huanxiongshi"	"hx_tyrant_round"	"img_horde.png"	"F1 地下机库 · vs 暴君"
"huanxiongshi"	"hx_tyrant_finisher"	"img_horde.png"	"F1 地下机库 · 致命一击"
"huanxiongshi"	"hx_f1_boss_defeated"	"img_horde.png"	"F1 地下机库 · 暴君已倒下"
"huanxiongshi"	"hx_f2_arrive"	"img_horde.png"	"F2 街道 · 岔路口"
"huanxiongshi"	"hx_f2_dog_fight"	"img_horde.png"	"F2 街道 · 丧尸犬群"
"huanxiongshi"	"hx_f2_hub"	"img_horde.png"	"F2 街道枢纽"
"huanxiongshi"	"hx_f2_car"	"img_horde.png"	"F2 翻覆警车"
"huanxiongshi"	"hx_f2_store"	"img_horde.png"	"F2 便利店货架"
"huanxiongshi"	"hx_f2_cafe"	"img_horde.png"	"F2 废弃咖啡馆"
"huanxiongshi"	"hx_f2_barricade"	"img_horde.png"	"F2 路障 · 广播柱"
"huanxiongshi"	"hx_n_aibin"	"img_horde.png"	"F2 警车后 · 艾彬"
"huanxiongshi"	"hx_n_zhou"	"img_horde.png"	"F2 街角 · 郑咤"
"huanxiongshi"	"hx_f3_arrive"	"img_horde.png"	"F3 城郊 · 铁丝网"
"huanxiongshi"	"hx_f3_horde_fight"	"img_horde.png"	"F3 城郊 · 尸潮"
"huanxiongshi"	"hx_f3_hub"	"img_horde.png"	"F3 城郊枢纽"
"huanxiongshi"	"hx_f3_shelter"	"img_corridor.png"	"F3 避难屋"
"huanxiongshi"	"hx_f3_gate"	"img_horde.png"	"F3 城郊哨所"
"huanxiongshi"	"hx_n_pilot"	"img_horde.png"	"F3 直升机坪 · 飞行员"
"huanxiongshi"	"hx_nuke_room"	"img_corridor.png"	"F3 · 核弹倒计时"
"huanxiongshi"	"hx_ending_choice"	"img_horde.png"	"F3 · 城郊岔路"
"huanxiongshi"	"hx_settle_card"	""	""
"huanxiongshi"	"hx_nuke_death"	""	""
"huanxiongshi"	"hx_lose_boss"	""	""
"jialebi"	"jb_00"	"jialebi_bg.png"	"主神空间 · 任务发布 ≪黑珍珠≫"
"jialebi"	"jb_l1_hub"	"img_zhuyuan_book.png"	"L1 · 黑珍珠甲板"
"jialebi"	"jb_01_wheel"	"img_zhuyuan_book.png"	"L1 · 舵轮"
"jialebi"	"jb_01_mast"	"img_zhuyuan_book.png"	"L1 · 主桅瞭望台"
"jialebi"	"jb_01_barrel"	"img_zhuyuan_book.png"	"L1 · 火药桶堆"
"jialebi"	"jb_01_cabin"	"img_zhuyuan_book.png"	"L1 · 船长室"
"jialebi"	"jb_npc_cook"	"img_zhuyuan_book.png"	"L1 · 厨房"
"jialebi"	"jb_l1_fight"	"img_zhuyuan_book.png"	"L1 · 甲板 · 战斗"
"jialebi"	"jb_l2_hub"	"img_corridor.png"	"L2 · 沉船湾 · 礁石湾"
"jialebi"	"jb_02_chest"	"img_corridor.png"	"L2 · 海蚀洞·宝箱"
"jialebi"	"jb_02_wreck"	"img_corridor.png"	"L2 · 沉船残骸"
"jialebi"	"jb_02_plank"	"img_corridor.png"	"L2 · 湿滑渡板"
"jialebi"	"jb_02_anchor"	"img_corridor.png"	"L2 · 锈蚀巨锚"
"jialebi"	"jb_npc_pirate"	"img_corridor.png"	"L2 · 断桅头"
"jialebi"	"jb_l2_fight"	"img_corridor.png"	"L2 · 礁湾 · 战斗"
"jialebi"	"jb_l3_hub"	"img_laser.png"	"L3 · 财宝洞 · 洞穴宝库"
"jialebi"	"jb_03_pool"	"img_laser.png"	"L3 · 月光水池"
"jialebi"	"jb_03_altar"	"img_laser.png"	"L3 · 献祭祭坛"
"jialebi"	"jb_03_bones"	"img_laser.png"	"L3 · 白骨堆"
"jialebi"	"jb_npc_ghost"	"img_laser.png"	"L3 · 洞窟阴处"
"jialebi"	"jb_l3_fight"	"img_laser.png"	"L3 · 宝库 · 战斗"
"jialebi"	"jb_03_env_cavein"	"img_laser.png"	"L3 · 坍方落石带"
"jialebi"	"jb_boss_area"	"img_laser.png"	"L3 · 巴博萨战圈"
"jialebi"	"jb_boss_round"	"img_laser.png"	"L3 · 与巴博萨决战"
"jialebi"	"jb_boss_win"	"img_laser.png"	"L3 · 巴博萨受死"
"jialebi"	"jb_ending"	"img_zhuyuan_book.png"	"财宝洞 · 洞门 · 日出"
"jialebi"	"jb_settle"	"img_zhuyuan_book.png"	"主神·结算"
"jialebi"	"jb_42_card"	""	""
"jialebi"	"jb_50_death"	""	""
"jialebi"	"jb_51_death_fight"	""	""
"jianzhong"	"jz_00"	"bg_jz_l1_shanmen.png"	"剑冢 · 山门古道"
"jianzhong"	"jz_00_trust"	"img_zhuyuan_book.png"	"剑冢 · 山门古道"
"jianzhong"	"jz_00_bow"	"img_zhuyuan_book.png"	"剑冢 · 山门古道"
"jianzhong"	"jz_00_rush"	"img_zhuyuan_book.png"	"剑冢 · 山门古道 · 强闯"
"jianzhong"	"jz_03_oldman_rush_win"	"img_zhuyuan_book.png"	"剑冢 · 山门古道"
"jianzhong"	"jz_01"	"bg_jz_l1_shanmen.png"	"L1 · 山门古道"
"jianzhong"	"jz_02_huangjing"	"img_zhuyuan_book.png"	"L1 · 荒径断碑"
"jianzhong"	"jz_02_beilin"	"img_zhuyuan_book.png"	"L1 · 碑林"
"jianzhong"	"jz_03_oldman"	"img_zhuyuan_book.png"	"L1 · 守陵人小屋"
"jianzhong"	"jz_06_arrive_l2"	"img_corridor.png"	"L2 · 埋剑长廊"
"jianzhong"	"jz_10_arrive_l2"	"img_corridor.png"	"L2 · 埋剑长廊"
"jianzhong"	"jz_11_sword_tassel"	"img_corridor.png"	"L2 · 藏剑龛"
"jianzhong"	"jz_12_mirror1"	"img_corridor.png"	"L2 · 试剑龛 · 剑心幻影"
"jianzhong"	"jz_13_mirror1_win"	"img_corridor.png"	"L2 · 试剑龛"
"jianzhong"	"jz_13_jianming"	"img_corridor.png"	"L2 · 铭剑龛 · 剑铭"
"jianzhong"	"jz_14_rust_win"	"img_corridor.png"	"L2 · 长廊"
"jianzhong"	"jz_15_echo"	"img_corridor.png"	"L2 · 断剑龛 · 剑鸣回响"
"jianzhong"	"jz_15_echo_win"	"img_corridor.png"	"L2 · 断剑龛"
"jianzhong"	"jz_16_open_gate_l2"	"img_corridor.png"	"L2 · 长廊中段"
"jianzhong"	"jz_20_arrive_l3"	"img_laser.png"	"L3 · 剑冢深谷"
"jianzhong"	"jz_21_shizhong"	"img_laser.png"	"L3 · 深谷石冢"
"jianzhong"	"jz_22_sword_marks"	"img_laser.png"	"L3 · 谷壁剑痕"
"jianzhong"	"jz_23_mirror2"	"img_laser.png"	"L3 · 深谷 · 心魔显影"
"jianzhong"	"jz_23_mirror2_win"	"img_laser.png"	"L3 · 深谷"
"jianzhong"	"jz_24_open_gate_l3"	"img_laser.png"	"L3 · 深谷石门已成"
"jianzhong"	"jz_30_arrive_l4"	"img_laser.png"	"L4 · 无名剑碑之巅"
"jianzhong"	"jz_32_guard"	"img_laser.png"	"L4 · 剑碑广场"
"jianzhong"	"jz_33_cliff"	"img_laser.png"	"L4 · 断崖"
"jianzhong"	"jz_31_stele_north"	"img_laser.png"	"L4 · 北残碑"
"jianzhong"	"jz_31_stele_east"	"img_laser.png"	"L4 · 东剑痕碑"
"jianzhong"	"jz_31_stele_west"	"img_laser.png"	"L4 · 西剑痕碑"
"jianzhong"	"jz_31_stele_south"	"img_laser.png"	"L4 · 南残碑"
"jianzhong"	"jz_34_stele_secret"	"img_laser.png"	"L4 · 剑碑隐文破译"
"jianzhong"	"jz_41_prequel"	"img_laser.png"	"L4 · 无名剑碑 · 对峙"
"jianzhong"	"jz_42_boss"	"img_laser.png"	"L4 · 无名剑碑 · 决战"
"jianzhong"	"jz_boss_round"	"img_laser.png"	"L4 · 无名剑碑 · 激战"
"jianzhong"	"jz_50_choice"	"img_laser.png"	"L4 · 无名剑碑"
"jianzhong"	"jz_51_ending_took"	"img_laser.png"	"L4 · 无名剑碑"
"jianzhong"	"jz_51_ending_spare"	"img_laser.png"	"L4 · 无名剑碑"
"jianzhong"	"jz_52_card"	""	""
"jianzhong"	"jz_33_mirror_apex"	"img_laser.png"	"L4 · 剑主幻影"
"jianzhong"	"jz_33_mirror_apex_win"	"img_laser.png"	"L4 · 剑主幻影"
"jianzhong"	"jz_99_death"	""	""
"jianzhong"	"jz_99_death_boss"	""	""
"jianzhong"	"jz_99_sancollapse"	""	""
"jiguancheng"	"jg_00"	"jiguancheng_bg.png"	"机关城 · 外城广场"
"jiguancheng"	"jg_01"	"img_zhuyuan_book.png"	"L1 · 城门与外围"
"jiguancheng"	"jg_02_gear_key"	"img_zhuyuan_book.png"	"L1 · 深巷藏龛"
"jiguancheng"	"jg_02_ling_a"	"img_zhuyuan_book.png"	"L1 · 墨令残片 · 甲"
"jiguancheng"	"jg_05_rune_bell"	"img_zhuyuan_book.png"	"L1 · 门楼铜钟"
"jiguancheng"	"jg_05_ancestor"	"img_zhuyuan_book.png"	"L1 · 墨门先贤绘像"
"jiguancheng"	"jg_05_rune_arrow"	"img_zhuyuan_book.png"	"L1 · 箭楼残件（铭文 1/4）"
"jiguancheng"	"jg_02_arrive_workshop"	"img_laser.png"	"L2 · 齿轮工坊"
"jiguancheng"	"jg_11_gear_a"	"img_laser.png"	"L2 · 齿轮机关 · 甲"
"jiguancheng"	"jg_11_gear_b"	"img_laser.png"	"L2 · 齿轮机关 · 乙"
"jiguancheng"	"jg_11_gear_c"	"img_laser.png"	"L2 · 齿轮机关 · 丙"
"jiguancheng"	"jg_05_rune_workshop"	"img_laser.png"	"L2 · 天桥铭牌（铭文 2/4）"
"jiguancheng"	"jg_04_parts"	"img_laser.png"	"L2 · 地沟零件池"
"jiguancheng"	"jg_02_rune_done"	"img_laser.png"	"机关城 · 铭文集拓"
"jiguancheng"	"jg_06_turn"	"img_laser.png"	"L2 · 工坊枢纽 · 关键转折"
"jiguancheng"	"jg_06_rash"	"img_laser.png"	"L2 · 齿轮阵 · 铁卫增援"
"jiguancheng"	"jg_13_guard3_reinf"	"img_laser.png"	"L2 · 齿轮阵"
"jiguancheng"	"jg_13_guard3_reinf_fight"	"img_laser.png"	"L2 · 齿轮阵"
"jiguancheng"	"jg_02_lift"	"img_laser.png"	"L2 · 升降梯（G2 已开）"
"jiguancheng"	"jg_02_ladder"	"img_laser.png"	"L2 · 西爬梯（险路）"
"jiguancheng"	"jg_03_arrive_corridor"	"img_corridor.png"	"L3 · 枢机回廊"
"jiguancheng"	"jg_13_pivot_key"	"img_corridor.png"	"L3 · 暗格 · 零件箱"
"jiguancheng"	"jg_13_keeper_note"	"img_corridor.png"	"L3 · 守城人笔记"
"jiguancheng"	"jg_05_rune_corridor"	"img_corridor.png"	"L3 · 壁雕 · 墨门机关总图（铭文 3/4）"
"jiguancheng"	"jg_13_gearbest"	"img_corridor.png"	"L3 · 中央桥下"
"jiguancheng"	"jg_13_gearbest_win"	"img_corridor.png"	"L3 · 中央桥下"
"jiguancheng"	"jg_02_pivot_bridge"	"img_corridor.png"	"L3 · 枢机桥（G3 已开）"
"jiguancheng"	"jg_21_arrive_core"	"img_corridor.png"	"L4 · 核心密室"
"jiguancheng"	"jg_05_rune_core"	"img_corridor.png"	"L4 · 枢机核心壁雕（铭文 4/4）"
"jiguancheng"	"jg_24_keeper_rel_ac"	"img_zhuyuan_book.png"	"L4 · 静室遗物"
"jiguancheng"	"jg_22_colossus"	"img_corridor.png"	"L4 · 枢机大殿 · 决战"
"jiguancheng"	"jg_colossus_round"	"img_corridor.png"	"L4 · 枢机大殿 · 激战"
"jiguancheng"	"jg_23_colossus_down"	"img_corridor.png"	"L4 · 枢机大殿"
"jiguancheng"	"jg_30_box"	"img_zhuyuan_book.png"	"L4 · 密匣石台"
"jiguancheng"	"jg_31_exit"	"img_corridor.png"	"L4 · 撤离阵"
"jiguancheng"	"jg_32_card"	""	""
"jiguancheng"	"jg_25_keeper"	"img_zhuyuan_book.png"	"L4 · 静室"
"jiguancheng"	"jg_keeper_round"	"img_zhuyuan_book.png"	"L4 · 静室 · 激战"
"jiguancheng"	"jg_26_keeper_freed"	"img_zhuyuan_book.png"	"L4 · 静室"
"jiguancheng"	"jg_40_death"	""	""
"jiguancheng"	"jg_40_death_colossus"	""	""
"jiguancheng"	"jg_41_death_keeper"	""	""
"jingjiling"	"jj_00"	"jingjiling_bg.png"	"寂静岭 · 小镇入口"
"jingjiling"	"jj_hub"	"jingjiling_bg.png"	"寂静岭 · 主街"
"jingjiling"	"jj_radio"	"jingjiling_bg.png"	"寂静岭 · 雾巷口的收音机"
"jingjiling"	"jj_hospital"	"jingjiling_bg.png"	"寂静岭 · 废弃医院"
"jingjiling"	"jj_school"	"jingjiling_bg.png"	"寂静岭 · 旧校舍"
"jingjiling"	"jj_comic"	"jingjiling_bg.png"	"寂静岭 · 漫画书屋"
"jingjiling"	"jj_survivor"	"jingjiling_bg.png"	"寂静岭 · 关紧门窗的屋子"
"jingjiling"	"jj_pastor"	"jingjiling_bg.png"	"寂静岭 · 半塌的礼拜堂"
"jingjiling"	"jj_close"	"jingjiling_bg.png"	"寂静岭 · 敲击声的源头"
"jingjiling"	"jj_prelude"	"img_laser.png"	"寂静岭 · 锈蚀的十字街心"
"jingjiling"	"jj_01"	"img_zhuyuan_book.png"	"锈蚀十字街心"
"jingjiling"	"jj_round"	"img_laser.png"	"决战 · 十字街心"
"jingjiling"	"jj_end_look"	""	""
"jingjiling"	"jj_end_souvenir"	""	""
"jingjiling"	"jj_end_stay"	""	""
"jingjiling"	"jj_card"	""	""
"jingjiling"	"jj_death"	""	""
"jishengqianye"	"js_00"	"jishengqianye_bg.png"	"F1 歌剧院 · 前厅"
"jishengqianye"	"js_00_note"	"img_nexus.png"	"F1 · 前台任务栏"
"jishengqianye"	"js_f1_foyer"	"img_nexus.png"	"F1 · 剧场前厅门廊"
"jishengqianye"	"js_f1_dress"	"img_nexus.png"	"F1 · 后台化妆间"
"jishengqianye"	"js_f1_stage"	"img_nexus.png"	"F1 · 主舞台"
"jishengqianye"	"js_f1_scientist"	"img_nexus.png"	"F1 · 后台 · 克丽丝"
"jishengqianye"	"js_f1_storage"	"img_nexus.png"	"F1 · 后台储物间"
"jishengqianye"	"js_f2_tower"	"img_corridor.png"	"F2 · 封锁街道"
"jishengqianye"	"js_f2_clinic"	"img_corridor.png"	"F2 · 废弃救护站"
"jishengqianye"	"js_f2_clinic_sample"	"img_corridor.png"	"F2 · 救护站样本室"
"jishengqianye"	"js_f2_morgue"	"img_corridor.png"	"F2 · 法医处"
"jishengqianye"	"js_f2_doc"	"img_corridor.png"	"F2 · 法医档案"
"jishengqianye"	"js_f2_officer"	"img_corridor.png"	"F2 · 警戒塔 · 布伦"
"jishengqianye"	"js_f2_alley"	"img_corridor.png"	"F2 · 黑巷"
"jishengqianye"	"js_f2_survivor"	"img_corridor.png"	"F2 · 救护站前 · 幸存者梅"
"jishengqianye"	"js_f3_lobby"	"img_zhuyuan_book.png"	"F3 · 研究所中庭大厅"
"jishengqianye"	"js_f3_archive"	"img_zhuyuan_book.png"	"F3 · 机密档案室"
"jishengqianye"	"js_f3_sample"	"img_zhuyuan_book.png"	"F3 · 样本室"
"jishengqianye"	"js_f3_med"	"img_zhuyuan_book.png"	"F3 · 病历中心"
"jishengqianye"	"js_f3_atrium"	"img_zhuyuan_book.png"	"F3 · 中庭机组"
"jishengqianye"	"js_f3_cultivate"	"img_zhuyuan_book.png"	"F3 · 培育舱"
"jishengqianye"	"js_f3_decision"	"img_zhuyuan_book.png"	"F3 · 聚合体深室闸前"
"jishengqianye"	"js_f3_bossgate"	"img_zhuyuan_book.png"	"F3 · 聚合体深室"
"jishengqianye"	"js_boss_round"	"img_zhuyuan_book.png"	"F3 · 聚合体深室"
"jishengqianye"	"js_win_purge"	"img_zhuyuan_book.png"	"F3 · 聚合体残骸"
"jishengqianye"	"js_win_coexist"	"img_zhuyuan_book.png"	"F3 · 聚合体王座"
"jishengqianye"	"js_win_selfdestruct"	"img_zhuyuan_book.png"	"F3 · 聚合体王座"
"jishengqianye"	"js_card"	""	""
"jishengqianye"	"js_death"	""	""
"jishujing"	"jj2_00"	"jishujing_bg.png"	"梦境边缘 ≪任务发布≫"
"jishujing"	"jj2_l1_hub"	"img_zhuyuan_book.png"	"L1 · 榆树街"
"jishujing"	"jj2_l1_house"	"img_zhuyuan_book.png"	"L1 · 梦中小屋"
"jishujing"	"jj2_l1_tree"	"img_zhuyuan_book.png"	"L1 · 街心榆树"
"jishujing"	"jj2_l1_statue"	"img_zhuyuan_book.png"	"L1 · 街道雕像"
"jishujing"	"jj2_l1_door"	"img_zhuyuan_book.png"	"L1 · 梦境之门"
"jishujing"	"jj2_l1_kids"	"img_zhuyuan_book.png"	"L1 · 榆树街"
"jishujing"	"jj2_fight_l1"	"img_corridor.png"	"L1 · 榆树街暗影带"
"jishujing"	"jj2_l2_hub"	"img_corridor.png"	"L2 · 梦境学校"
"jishujing"	"jj2_l2_desk"	"img_corridor.png"	"L2 · 教室课桌"
"jishujing"	"jj2_l2_clock"	"img_corridor.png"	"L2 · 失控时钟"
"jishujing"	"jj2_l2_window"	"img_corridor.png"	"L2 · 窗外"
"jishujing"	"jj2_l2_furnace_door"	"img_corridor.png"	"L2 · 锅炉房铁门"
"jishujing"	"jj2_l2_teacher"	"img_corridor.png"	"L2 · 教师办公室"
"jishujing"	"jj2_fight_l2"	"img_corridor.png"	"L2 · 教室"
"jishujing"	"jj2_l3_hub"	"img_zhuyuan_book.png"	"L3 · 弗莱迪的锅炉房"
"jishujing"	"jj2_l3_boiler"	"img_zhuyuan_book.png"	"L3 · 熔炉本体"
"jishujing"	"jj2_l3_memory"	"img_zhuyuan_book.png"	"L3 · 记忆碎片"
"jishujing"	"jj2_l3_mirror"	"img_zhuyuan_book.png"	"L3 · 裂镜"
"jishujing"	"jj2_l3_wall"	"img_zhuyuan_book.png"	"L3 · 锈墙刻痕"
"jishujing"	"jj2_l3_ghost"	"img_zhuyuan_book.png"	"L3 · 炉边"
"jishujing"	"jj2_l3_flash"	"img_zhuyuan_book.png"	"L3 · 记忆回潮区"
"jishujing"	"jj2_fight_l3"	"img_zhuyuan_book.png"	"L3 · 蒸汽锅炉侧"
"jishujing"	"jj2_boss"	"img_laser.png"	"L3 · 锅炉核心 · 决战处"
"jishujing"	"jj2_boss_round"	"img_laser.png"	"L3 · 锅炉核心 · 决战"
"jishujing"	"jj2_end_flee"	"img_laser.png"	"契约边界 · 醒来"
"jishujing"	"jj2_end_sleep"	"img_laser.png"	"梦境最深 · 与他共眠"
"jishujing"	"jj2_end_share"	"img_laser.png"	"现实边缘 · 把梦交给同伴"
"jishujing"	"jj2_42_card"	""	""
"jishujing"	"jj2_50_death"	""	""
"juluoji"	"jl_00"	"juluoji_bg.png"	"侏罗纪公园 · 游客中心"
"juluoji"	"jl_01"	"img_zhuyuan_book.png"	"L1 · 园区"
"juluoji"	"jl_02_powerlog"	"img_zhuyuan_book.png"	"L1 · 断电控制台"
"juluoji"	"jl_03_bait"	"img_zhuyuan_book.png"	"L1 · 售货亭冰柜"
"juluoji"	"jl_04_monitor"	"img_zhuyuan_book.png"	"L1 · 监控视频墙"
"juluoji"	"jl_05_guide"	"img_zhuyuan_book.png"	"L1 · 园区导览牌"
"juluoji"	"jl_02_arrive_jungle"	"img_horde.png"	"L2 · 丛林入口"
"juluoji"	"jl_rap_pack_fight"	"img_horde.png"	"L2 · 丛林 · 追击战"
"juluoji"	"jl_02_jungle_hub"	"img_horde.png"	"L2 · 丛林"
"juluoji"	"jl_06_track"	"img_horde.png"	"L2 · 泥泞足印"
"juluoji"	"jl_07_marks"	"img_horde.png"	"L2 · 撕抓树痕"
"juluoji"	"jl_08_outpost"	"img_horde.png"	"L2 · 岗哨补给箱"
"juluoji"	"jl_03_arrive_fence"	"img_laser.png"	"L3 · 围栏区"
"juluoji"	"jl_09_fuse"	"img_laser.png"	"L3 · 围栏主电闸"
"juluoji"	"jl_10_observatory"	"img_laser.png"	"L3 · 围场观察台"
"juluoji"	"jl_13_trex"	"img_laser.png"	"L3 · 围场 · 决战"
"juluoji"	"jl_trex_round"	"img_laser.png"	"L3 · 围场 · 激战"
"juluoji"	"jl_13_trex_down"	"img_laser.png"	"L3 · 围场"
"juluoji"	"jl_11_exit"	"img_laser.png"	"L3 · 直升机撤离台"
"juluoji"	"jl_12_card"	""	""
"juluoji"	"jl_12_granger"	"img_zhuyuan_book.png"	"L1 · 游客中心"
"juluoji"	"jl_12_survivor"	"img_horde.png"	"L2 · 丛林"
"juluoji"	"jl_12_guard"	"img_laser.png"	"L3 · 围栏区"
"juluoji"	"jl_40_death"	""	""
"juluoji"	"jl_40_death_trex"	""	""
"lanshan"	"ls_00"	"lanshan_bg.png"	"蓝山要塞 · 南门"
"lanshan"	"ls_open_1"	"img_laser.png"	"南城墙 · 直面攻城营盘"
"lanshan"	"ls_open_2"	"img_zhuyuan_book.png"	"城内 · 被山抱住的街巷"
"lanshan"	"ls_hub"	"img_redqueen.png"	"城中广场 · 誓师与炊烟"
"lanshan"	"ls_pt_fire"	"img_laser.png"	"山腰烽火台 · 蓝山之主峰"
"lanshan"	"ls_pt_mem"	"img_zhuyuan_book.png"	"纪念台 · 名字之墙"
"lanshan"	"ls_pt_stone"	"img_redqueen.png"	"石匠营 · 凿不断的山脊"
"lanshan"	"ls_n_veteran"	"img_zhuyuan_book.png"	"城中广场 · 与老卒对谈"
"lanshan"	"ls_n_veteran2"	"img_zhuyuan_book.png"	"守者 · 攻城之前的一句话"
"lanshan"	"ls_pre_1"	"img_zhuyuan_book.png"	"西门瓮城 · 至死方休的关"
"lanshan"	"ls_pre_2"	"img_redqueen.png"	"瓮城 · 攻城巨魔督军"
"lanshan"	"ls_01"	"img_zhuyuan_book.png"	"瓮城 · 决战处"
"lanshan"	"ls_round"	"img_laser.png"	"决战处"
"lanshan"	"ls_card"	""	""
"lanshan"	"ls_death"	""	""
"lanshan"	"ls_end_view"	"img_laser.png"	"烽火台 · 结局 · 望山到天明"
"lanshan"	"ls_end_souv"	"img_zhuyuan_book.png"	"石匠营 · 结局 · 带走守山石"
"lanshan"	"ls_end_stay"	"img_redqueen.png"	"瓮城 · 结局 · 留下守一夜"
"mengguijie"	"mg_00"	"mengguijie_bg.png"	"梦境 · 锅炉房"
"mengguijie"	"mg_hub"	"mengguijie_bg.png"	"梦境 · 锅炉房边缘"
"mengguijie"	"mg_basement"	"mengguijie_bg.png"	"梦境 · 锅炉迷宫"
"mengguijie"	"mg_dream"	"mengguijie_bg.png"	"梦境 · 大钟楼"
"mengguijie"	"mg_spring"	"mengguijie_bg.png"	"梦境 · 泉水街"
"mengguijie"	"mg_graffiti"	"mengguijie_bg.png"	"锅炉房 · 墙上的字"
"mengguijie"	"mg_kids"	"mengguijie_bg.png"	"梦境 · 地下游乐场"
"mengguijie"	"mg_parent"	"mengguijie_bg.png"	"梦境 · 老屋门廊"
"mengguijie"	"mg_drowsy"	"mengguijie_bg.png"	"梦境 · 困意边缘"
"mengguijie"	"mg_prelude"	"img_laser.png"	"锅炉房 · 最深一扇门"
"mengguijie"	"mg_01"	"img_zhuyuan_book.png"	"梦境 · 弗莱迪的锅炉房"
"mengguijie"	"mg_round"	"img_laser.png"	"决战 · 梦境锅炉房"
"mengguijie"	"mg_end_look"	""	""
"mengguijie"	"mg_end_souvenir"	""	""
"mengguijie"	"mg_end_stay"	""	""
"mengguijie"	"mg_card"	""	""
"mengguijie"	"mg_death"	""	""
"miwu"	"mw_00"	"miwu_bg.png"	"迷雾 · 超市门口"
"miwu"	"mw_hub"	"miwu_bg.png"	"超市 · 中庭货架区"
"miwu"	"mw_pt_window"	"miwu_bg.png"	"超市 · 落地橱窗"
"miwu"	"mw_pt_note"	"miwu_bg.png"	"超市 · 货架检修间"
"miwu"	"mw_pt_coldroom"	"miwu_bg.png"	"超市 · 冷库门前"
"miwu"	"mw_pt_aisle"	"miwu_bg.png"	"超市 · 罐头货道"
"miwu"	"mw_pt_pharmacy"	"miwu_bg.png"	"超市 · 药品架"
"miwu"	"mw_np_clerk"	"miwu_bg.png"	"超市 · 收银台工事"
"miwu"	"mw_np_depot"	"miwu_bg.png"	"超市 · 员工区"
"miwu"	"mw_01b_prep"	"miwu_bg.png"	"超市地下 · 雾渊"
"miwu"	"mw_01"	"img_zhuyuan_book.png"	"超市地下 · 雾渊"
"miwu"	"mw_round"	"img_laser.png"	"超市地下 · 决战处"
"miwu"	"mw_end_choice"	"miwu_bg.png"	"决战之后 · 超市门口"
"miwu"	"mw_card"	""	""
"miwu"	"mw_death"	""	""
"mojiao"	"mj_00"	"mojiao_bg.png"	"血月山道 · 山脚"
"mojiao"	"mj_01"	"img_zhuyuan_book.png"	"L1 · 血月山道"
"mojiao"	"mj_02_moon_mark"	"img_zhuyuan_book.png"	"L1 · 血月刻石"
"mojiao"	"mj_02_sheath"	"img_zhuyuan_book.png"	"L1 · 断裂剑鞘"
"mojiao"	"mj_03_alt_path"	"img_zhuyuan_book.png"	"L1 · 巡山暗道"
"mojiao"	"mj_01_fight_jiaozhong"	"img_zhuyuan_book.png"	"L1 · 血月山道 · 遭遇"
"mojiao"	"mj_04_gate"	"img_zhuyuan_book.png"	"L1 · 登坛牌坊（G1 已开）"
"mojiao"	"mj_05_arrive_qian"	"img_redqueen.png"	"L2 · 总坛前殿"
"mojiao"	"mj_05_rost"	"img_redqueen.png"	"L2 · 影卫名录"
"mojiao"	"mj_05_ding"	"img_redqueen.png"	"L2 · 铜鼎机关"
"mojiao"	"mj_06_hufa_fight"	"img_redqueen.png"	"L2 · 前殿 · 会护法"
"mojiao"	"mj_06_hufa_win"	"img_redqueen.png"	"L2 · 前殿"
"mojiao"	"mj_06_gate"	"img_redqueen.png"	"L2 · 前殿正门（G2 已开）"
"mojiao"	"mj_10_arrive_pool"	"img_redqueen.png"	"L3 · 血池殿"
"mojiao"	"mj_10_hongshang"	"img_redqueen.png"	"L3 · 血池殿 · 红衣使者"
"mojiao"	"mj_05_arrive_qian_hint"	"img_redqueen.png"	"L3 · 血池殿"
"mojiao"	"mj_12_trial_stele"	"img_redqueen.png"	"L3 · 试炼碑"
"mojiao"	"mj_13_puppet"	"img_redqueen.png"	"L3 · 四方傀儡窟"
"mojiao"	"mj_20_trial"	"img_redqueen.png"	"L3 · 血池 · 试炼起"
"mojiao"	"mj_pool_round"	"img_redqueen.png"	"L3 · 血池 · 激战"
"mojiao"	"mj_21_trial_done"	"img_redqueen.png"	"L3 · 血池 · 试炼毕"
"mojiao"	"mj_22_gate_pool"	"img_redqueen.png"	"L3 · 血池殿门（G3 已开）"
"mojiao"	"mj_22_arrive_lord"	"img_corridor.png"	"L4 · 教主密室"
"mojiao"	"mj_21_throne"	"img_corridor.png"	"L4 · 教主宝座"
"mojiao"	"mj_21_tome"	"img_corridor.png"	"L4 · 秘术书 · 残卷"
"mojiao"	"mj_23_ghost"	"img_corridor.png"	"L4 · 前朝残魂"
"mojiao"	"mj_30_lord"	"img_corridor.png"	"L4 · 教主密室 · 决战"
"mojiao"	"mj_lord_round"	"img_corridor.png"	"L4 · 教主密室 · 激战"
"mojiao"	"mj_31_lord_down"	"img_corridor.png"	"L4 · 教主密室"
"mojiao"	"mj_40_ending"	"img_corridor.png"	"L4 · 教主密室"
"mojiao"	"mj_41_exit"	"img_corridor.png"	"L4 · 撤离阵"
"mojiao"	"mj_42_card"	""	""
"mojiao"	"mj_50_death"	""	""
"mojiao"	"mj_50_death_lord"	""	""
"moruiya"	"mo_01_gate"	"moruiya_bg.png"	"摩瑞亚 · 西闸门湖景"
"moruiya"	"mo_lake"	"img_zhuyuan_book.png"	"西闸门 · 幽黑湖岸"
"moruiya"	"mo_watcher_fight"	"img_zhuyuan_book.png"	"西闸门 · 湖岸"
"moruiya"	"mo_watcher_after"	"img_zhuyuan_book.png"	"西闸门 · 湖岸"
"moruiya"	"mo_02_hall"	"img_zhuyuan_book.png"	"卡扎督姆 · 柱厅"
"moruiya"	"mo_rune"	"img_zhuyuan_book.png"	"柱厅 · 刻字石板"
"moruiya"	"mo_rune_scout"	"img_zhuyuan_book.png"	"柱厅 · 石门"
"moruiya"	"mo_collapse"	"img_zhuyuan_book.png"	"北廊 · 塌方"
"moruiya"	"mo_south_ambush"	"img_zhuyuan_book.png"	"南廊"
"moruiya"	"mo_book"	"img_zhuyuan_book.png"	"马扎布尔书库 · 石棺"
"moruiya"	"mo_drum_ambush_scene"	"img_zhuyuan_book.png"	"书库深厅"
"moruiya"	"mo_chest"	"img_zhuyuan_book.png"	"书库底层 · 密室"
"moruiya"	"mo_stair"	"img_zhuyuan_book.png"	"无底阶梯 · 一步踏空"
"moruiya"	"mo_vault"	"img_zhuyuan_book.png"	"王厅宝库"
"moruiya"	"mo_vault_take"	"img_zhuyuan_book.png"	"王厅宝库"
"moruiya"	"mo_vault_check"	"img_zhuyuan_book.png"	"王厅宝库 · 机关"
"moruiya"	"mo_bridge_desc"	"img_zhuyuan_book.png"	"卡扎督姆桥"
"moruiya"	"mo_boss_round"	"img_zhuyuan_book.png"	"卡扎督姆桥 · 中段"
"moruiya"	"mo_ending_survive"	"img_zhuyuan_book.png"	"卡扎督姆桥 · 断桥"
"moruiya"	"mo_ending_sacrifice"	"img_zhuyuan_book.png"	"卡扎督姆桥 · 断桥"
"moruiya"	"mo_exit"	"img_zhuyuan_book.png"	"东门 · 迪姆瑞尔山谷"
"moruiya"	"mo_done"	""	""
"moruiya"	"mo_cart"	"img_zhuyuan_book.png"	"矿车月台"
"moruiya"	"mo_cart_ride"	"img_zhuyuan_book.png"	"矿车 · 下坠"
"moruiya"	"mo_world_back"	""	""
"moruiya"	"mo_npc_gandalf"	"img_zhuyuan_book.png"	"西闸门 · 甘道夫"
"moruiya"	"mo_npc_boromir"	"img_zhuyuan_book.png"	"柱厅 · 波罗莫"
"moruiya"	"mo_npc_gimli"	"img_zhuyuan_book.png"	"书库 · 吉姆利"
"moruiya"	"mo_npc_troll"	"img_zhuyuan_book.png"	"无底阶梯口 · 巨魔"
"moruiya"	"mo_troll_fight"	"img_zhuyuan_book.png"	"无底阶梯口 · 巨魔"
"moruiya"	"mo_death_watcher"	""	""
"moruiya"	"mo_death_stair"	""	""
"moruiya"	"mo_death_balrog"	""	""
"moruiya"	"mo_death_flame"	""	""
"moruiya"	"mo_death_dark"	""	""
"moruiya"	"mo_death_crush"	""	""
"moshi"	"ms_00"	"scene_moshi_citywall_dusk.png"	"F1 · 城墙平台"
"moshi"	"ms_supply"	"scene_moshi_citywall_dusk.png"	"F1 · 军需配给站"
"moshi"	"ms_recon"	"scene_moshi_citywall_dusk.png"	"F1 · 城门口 · 侦察"
"moshi"	"ms_combat_a"	"scene_moshi_citywall_dusk.png"	"F1 · 城门口广场"
"moshi"	"ms_fight_a"	"scene_moshi_citywall_dusk.png"	"F1 · 城门口广场"
"moshi"	"ms_fight_b"	"scene_moshi_citywall_dusk.png"	"F1 · 城门口广场"
"moshi"	"ms_rest_wave1"	"scene_moshi_citywall_dusk.png"	"F1 · 城门口广场 · 防火门后"
"moshi"	"ms_rest_wave2"	"scene_moshi_citywall_dusk.png"	"F1 · 城门口广场 · 瓦砾掩体后"
"moshi"	"ms_02"	"scene_moshi_citywall_dusk.png"	"F1 · 城门口广场 · 战后"
"moshi"	"ms_03_downtown"	"scene_moshi_citywall_dusk.png"	"F1 · 内街"
"moshi"	"ms_siren"	"scene_moshi_citywall_dusk.png"	"F1 · 防空警报塔"
"moshi"	"ms_bus"	"scene_moshi_citywall_dusk.png"	"F1 · 废弃巴士"
"moshi"	"ms_enter_f2"	"scene_moshi_citywall_dusk.png"	"F1 · 城墙升降梯(下)"
"moshi"	"ms_f2_arrive"	"scene_moshi_hospital.png"	"F2 · 急诊大厅"
"moshi"	"ms_medic_fight"	"scene_moshi_hospital.png"	"F2 · 病房 · 救护士"
"moshi"	"ms_rest_f2"	"scene_moshi_hospital.png"	"F2 · 病房 · 墙根"
"moshi"	"ms_f2_prep_b"	"scene_moshi_hospital.png"	"F2 · 病房 · 救护士"
"moshi"	"ms_medic_win"	"scene_moshi_hospital.png"	"F2 · 病房"
"moshi"	"ms_ward"	"scene_moshi_hospital.png"	"F2 · 病房"
"moshi"	"ms_pharmacy"	"scene_moshi_hospital.png"	"F2 · 药房"
"moshi"	"ms_captain"	"scene_moshi_hospital.png"	"F2 · 上尉办公室"
"moshi"	"ms_captain2"	"scene_moshi_hospital.png"	"F2 · 上尉办公室"
"moshi"	"ms_f2_hub"	"scene_moshi_hospital.png"	"F2 · 中央广场"
"moshi"	"ms_armory"	"scene_moshi_hospital.png"	"F2 · 军火库"
"moshi"	"ms_cell"	"scene_moshi_hospital.png"	"F2 · 电梯控制柜"
"moshi"	"ms_f3_arrive"	"scene_moshi_command.png"	"F3 · 机要楼梯间"
"moshi"	"ms_reactor"	"scene_moshi_command.png"	"F3 · 反应堆配电室"
"moshi"	"ms_reactor_done"	"scene_moshi_command.png"	"F3 · 指挥所"
"moshi"	"ms_comander"	"scene_moshi_command.png"	"F3 · 指挥中枢"
"moshi"	"ms_comms"	"scene_moshi_command.png"	"F3 · 通讯阵列"
"moshi"	"ms_enter_f4"	"scene_moshi_command.png"	"F3 · 防爆电梯门"
"moshi"	"ms_f4_arrive"	"scene_moshi_observatory.png"	"F4 · 顶层观测甲板"
"moshi"	"ms_scope"	"scene_moshi_observatory.png"	"F4 · 观测镜"
"moshi"	"ms_beacon"	"scene_moshi_observatory.png"	"F4 · 轨道信标塔"
"moshi"	"ms_f4_prep"	"scene_moshi_observatory.png"	"F4 · 观测甲板"
"moshi"	"ms_rest_f4"	"scene_moshi_observatory.png"	"F4 · 观测甲板 · 掩体后"
"moshi"	"ms_f4_prep2"	"scene_moshi_observatory.png"	"F4 · 观测甲板"
"moshi"	"ms_f4_boss_intro"	"scene_moshi_observatory.png"	"F4 · 东墙"
"moshi"	"ms_f4_boss"	"scene_moshi_observatory.png"	"F4 · 观测甲板 · 决战"
"moshi"	"ms_boss_done"	"scene_moshi_observatory.png"	"F4 · 观测甲板"
"moshi"	"ms_settle_orbital_setup"	"scene_moshi_observatory.png"	"F4 · 观测甲板"
"moshi"	"ms_settle_hard_setup"	"scene_moshi_observatory.png"	"F4 · 观测甲板"
"moshi"	"ms_30_orbital"	""	""
"moshi"	"ms_30_hard"	""	""
"moshi"	"ms_lose"	""	""
"moshi"	"ms_linen"	"scene_moshi_hospital.png"	"F2 · 医院杂物间"
"moshi"	"ms_landmark"	"scene_moshi_citywall_dusk.png"	"F1 · 废墟近道"
"moshi"	"ms_00_minuteman"	"scene_moshi_citywall_dusk.png"	"F1 · 城墙平台"
"moshi"	"ms_survivor3"	""	""
"mumiyi"	"mm_00_camp"	"mumiyi_bg.png"	"哈姆纳塔 · 考古营地"
"mumiyi"	"mm_01_arrive"	"img_redqueen.png"	"地宫入口"
"mumiyi"	"mm_02_npc"	"img_zhuyuan_book.png"	"地宫入口 · 火把下"
"mumiyi"	"mm_02_npc_joy"	"img_zhuyuan_book.png"	"地宫入口 · 南侧偏室"
"mumiyi"	"mm_03_stele"	"img_zhuyuan_book.png"	"地宫入口 · 无名祭碑"
"mumiyi"	"mm_04_scarab"	"img_zhuyuan_book.png"	"地宫入口 · 壁画虫纹"
"mumiyi"	"mm_05_altar"	"img_zhuyuan_book.png"	"地宫入口 · 前室祭坛"
"mumiyi"	"mm_06_box_a"	"img_zhuyuan_book.png"	"地宫入口 · 石匣·陶罐"
"mumiyi"	"mm_07_gate_scarab"	"img_laser.png"	"圣甲虫机关门"
"mumiyi"	"mm_10_arrive_f1"	"img_laser.png"	"圣甲虫厅"
"mumiyi"	"mm_11_npc"	"img_zhuyuan_book.png"	"圣甲虫厅 · 石柱后"
"mumiyi"	"mm_12_well"	"img_laser.png"	"圣甲虫厅 · 弱水井"
"mumiyi"	"mm_13_hollow"	"img_zhuyuan_book.png"	"圣甲虫厅 · 虫巢神像"
"mumiyi"	"mm_14_vault"	"img_zhuyuan_book.png"	"圣甲虫厅 · 宝库供案"
"mumiyi"	"mm_15_gate_tomb"	"img_laser.png"	"封印墓门"
"mumiyi"	"mm_20_sarc_room"	"img_redqueen.png"	"祭司墓室"
"mumiyi"	"mm_21_open_sarc"	"img_laser.png"	"伊莫顿石棺"
"mumiyi"	"mm_22_curse"	"img_redqueen.png"	"祭司墓室 · 中央"
"mumiyi"	"mm_23_imhotep1"	"img_laser.png"	"祭司墓室 · 诅咒战场"
"mumiyi"	"mm_24_reborn"	"img_redqueen.png"	"祭司墓室 · 裂棺"
"mumiyi"	"mm_25_imhotep2"	"img_laser.png"	"祭司墓室 · 夺命离场"
"mumiyi"	"mm_26_pool"	"img_redqueen.png"	"祭司墓室 · 弱水池演出"
"mumiyi"	"mm_27_win"	"img_zhuyuan_book.png"	"祭司墓室 · 封棺"
"mumiyi"	"mm_28_escape"	"img_zhuyuan_book.png"	"哈姆纳塔 · 撤离"
"mumiyi"	"mm_29_lose"	"img_redqueen.png"	"祭司墓室 · 沙海"
"nuoya"	"ny_00"	"nuoya_bg.png"	"登舰舷梯 · 白昼之下"
"nuoya"	"ny_open_1"	"img_laser.png"	"登舰甲板 · 白昼如盖"
"nuoya"	"ny_open_2"	"img_zhuyuan_book.png"	"门厅 · 白昼中没有黑夜的等待"
"nuoya"	"ny_hub"	"img_redqueen.png"	"登舰大厅 · 白昼的回廊"
"nuoya"	"ny_pt_sky"	"img_laser.png"	"观测层 · 白昼之顶"
"nuoya"	"ny_pt_mem"	"img_zhuyuan_book.png"	"遗物舱 · 未寄出的信"
"nuoya"	"ny_pt_roster"	"img_redqueen.png"	"名单舱 · 谁将留下"
"nuoya"	"ny_n_officer"	"img_zhuyuan_book.png"	"登舰大厅 · 与引渡官对谈"
"nuoya"	"ny_n_officer2"	"img_zhuyuan_book.png"	"引渡官 · 一句未说尽的执念"
"nuoya"	"ny_pre_1"	"img_zhuyuan_book.png"	"通往机舱的闸口"
"nuoya"	"ny_pre_2"	"img_redqueen.png"	"机舱 · 失控武装头目的最后防线"
"nuoya"	"ny_01"	"img_zhuyuan_book.png"	"机舱 · 决战处"
"nuoya"	"ny_round"	"img_laser.png"	"决战处"
"nuoya"	"ny_card"	""	""
"nuoya"	"ny_death"	""	""
"nuoya"	"ny_end_view"	"img_laser.png"	"观测层 · 结局 · 再看一次白昼"
"nuoya"	"ny_end_souv"	"img_zhuyuan_book.png"	"遗物舱 · 结局 · 带走纪念"
"nuoya"	"ny_end_stay"	"img_redqueen.png"	"机舱 · 结局 · 留下来守闸"
"panbu"	"pb_00"	"panbu_bg.png"	"入夜营地"
"panbu"	"pb_01"	"img_zhuyuan_book.png"	"圣遗前庭"
"panbu"	"pb_round"	"img_laser.png"	"蛇牙祭坛"
"panbu"	"pb_card"	""	""
"panbu"	"pb_death"	""	""
"poxiao"	"px_00_open"	"poxiao_bg.png"	"L1 · 封锁区午夜街道"
"poxiao"	"px_00_check"	"img_zhuyuan_book.png"	"L1 · 教堂广场"
"poxiao"	"px_l1_hub"	"img_zhuyuan_book.png"	"L1 · 封锁城区街道"
"poxiao"	"px_altar"	"img_zhuyuan_book.png"	"L1 · 圣坛笔记"
"poxiao"	"px_belltower"	"img_zhuyuan_book.png"	"L1 · 钟楼调查"
"poxiao"	"px_bloodbank"	"img_zhuyuan_book.png"	"L1 · 废弃血站终端"
"poxiao"	"px_apt_letter"	"img_zhuyuan_book.png"	"L1 · 空屋信件"
"poxiao"	"px_store_relic"	"img_zhuyuan_book.png"	"L1 · 店面废墟"
"poxiao"	"px_ruin"	"img_zhuyuan_book.png"	"L1 · 坍塌废墟"
"poxiao"	"px_metro"	"img_zhuyuan_book.png"	"L1 · 地铁口"
"poxiao"	"px_dalton"	"img_zhuyuan_book.png"	"L1 · 教会收容所"
"poxiao"	"px_deg_fight"	"img_zhuyuan_book.png"	"L1 · 教堂外暗巷"
"poxiao"	"px_deg_after"	"img_zhuyuan_book.png"	"L1 · 教堂"
"poxiao"	"px_l2_arrive"	"img_corridor.png"	"L2 · 地下排水道 · 到达点"
"poxiao"	"px_l2_hub"	"img_corridor.png"	"L2 · 叛军据点"
"poxiao"	"px_rebels"	"img_corridor.png"	"L2 · 通讯台"
"poxiao"	"px_rebel_oath"	"img_corridor.png"	"L2 · 叛军据点 · 誓约"
"poxiao"	"px_edgar_deal"	"img_corridor.png"	"L2 · 通讯台 · 埃德加的通话"
"poxiao"	"px_neutral"	"img_corridor.png"	"L2 · 通讯台 · 中立"
"poxiao"	"px_elvis"	"img_corridor.png"	"L2 · 叛军爆破手埃尔维斯"
"poxiao"	"px_rebel_patrol"	"img_corridor.png"	"L2 · 主排水道 · 叛军巡逻"
"poxiao"	"px_armory"	"img_corridor.png"	"L2 · 叛军军械库"
"poxiao"	"px_pump_console"	"img_corridor.png"	"L2 · 泵房控制台"
"poxiao"	"px_valve_a"	"img_corridor.png"	"L2 · 泵房 · 阀门A"
"poxiao"	"px_valve_b"	"img_corridor.png"	"L2 · 泵房 · 阀门B"
"poxiao"	"px_nest"	"img_corridor.png"	"L2 · 深水渠巢穴"
"poxiao"	"px_generator"	"img_corridor.png"	"L2 · 发电机房"
"poxiao"	"px_fight_rebel"	"img_corridor.png"	"L2 · 主排水道 · 交火"
"poxiao"	"px_l3_arrive"	"img_redqueen.png"	"L3 · 黎明尖塔 · 大堂"
"poxiao"	"px_l3_hub"	"img_redqueen.png"	"L3 · 黎明尖塔 · 中层"
"poxiao"	"px_reception"	"img_redqueen.png"	"L3 · 接待台"
"poxiao"	"px_lab_log"	"img_redqueen.png"	"L3 · 实验记录"
"poxiao"	"px_archive"	"img_redqueen.png"	"L3 · 机密档案"
"poxiao"	"px_mirror_l"	"img_redqueen.png"	"L3 · 决战平台 · 左镜"
"poxiao"	"px_mirror_r"	"img_redqueen.png"	"L3 · 决战平台 · 右镜"
"poxiao"	"px_mirror_c"	"img_redqueen.png"	"L3 · 决战平台 · 主控镜阵"
"poxiao"	"px_duel"	"img_redqueen.png"	"L3 · 决战平台 · 玻璃穹顶下"
"poxiao"	"px_gregor_round"	"img_redqueen.png"	"L3 · 决战平台 · 与格里高尔缠斗"
"poxiao"	"px_end_human"	""	""
"poxiao"	"px_end_moderate"	""	""
"poxiao"	"px_end_neutral"	""	""
"poxiao"	"px_death_deg"	""	""
"poxiao"	"px_death_gregor"	""	""
"poxiao"	"px_death_vamp"	""	""
"poxiao"	"px_death_sunrise"	""	""
"poxu"	"pv_00"	"poxu_bg.png"	"武极之巅 · 破虚台"
"poxu"	"pv_hub"	"poxu_bg.png"	"武极高地 · 登峰古道"
"poxu"	"pv_petroglyph"	"poxu_bg.png"	"武极高地 · 崖壁武刻"
"poxu"	"pv_swordmound"	"poxu_bg.png"	"武极高地 · 剑冢"
"poxu"	"pv_dojo"	"poxu_bg.png"	"武极高地 · 云海武馆"
"poxu"	"pv_ascent"	"poxu_bg.png"	"武极高地 · 破虚台之顶"
"poxu"	"pv_last_swordsman"	"poxu_bg.png"	"武极高地 · 山巅孤屏"
"poxu"	"pv_vagabond"	"poxu_bg.png"	"武极高地 · 云海栈道"
"poxu"	"pv_gather"	"poxu_bg.png"	"武极高地 · 放空心境"
"poxu"	"pv_prelude"	"img_laser.png"	"武极高地 · 破虚台前"
"poxu"	"pv_01"	"img_zhuyuan_book.png"	"破虚台 · 两界之界"
"poxu"	"pv_round"	"img_laser.png"	"决战 · 两界之界"
"poxu"	"pv_end_look"	""	""
"poxu"	"pv_end_souvenir"	""	""
"poxu"	"pv_end_stay"	""	""
"poxu"	"pv_card"	""	""
"poxu"	"pv_death"	""	""
"sanlian"	"sl_00"	"sanlian_bg.png"	"三联盟 · 会盟高原"
"sanlian"	"sl_hub"	"sanlian_bg.png"	"会盟场 · 长宴台侧"
"sanlian"	"sl_pt_stele"	"sanlian_bg.png"	"会盟场 · 盟碑底"
"sanlian"	"sl_pt_cauldron"	"sanlian_bg.png"	"长宴台 · 青铜鼎"
"sanlian"	"sl_pt_treaty"	"sanlian_bg.png"	"会盟桌 · 三族条约"
"sanlian"	"sl_pt_map"	"sanlian_bg.png"	"会盟场 · 沙盘舆图"
"sanlian"	"sl_pt_tokens"	"sanlian_bg.png"	"长宴台 · 旧盟信物匣"
"sanlian"	"sl_np_master"	"sanlian_bg.png"	"长宴台 · 司礼官"
"sanlian"	"sl_np_medic"	"sanlian_bg.png"	"会盟场 · 营地药棚"
"sanlian"	"sl_01b_prep"	"sanlian_bg.png"	"高台主祭位 · 祭坛显现"
"sanlian"	"sl_01"	"img_zhuyuan_book.png"	"高台主祭位"
"sanlian"	"sl_round"	"img_laser.png"	"高台主祭位 · 决战处"
"sanlian"	"sl_end_choice"	"sanlian_bg.png"	"决战之后 · 宴席散场"
"sanlian"	"sl_card"	""	""
"sanlian"	"sl_death"	""	""
"shaqiu"	"sq_00_intro"	"shaqiu_bg.png"	"坠毁穿梭机残骸 · 西北沙丘"
"shaqiu"	"sq_01_hub"	"img_laser.png"	"F1 · 坠毁穿梭机残骸"
"shaqiu"	"sq_02_blackbox"	"img_zhuyuan_book.png"	"F1 · 驾驶舱 · 黑匣子"
"shaqiu"	"sq_03_autopsy"	"img_zhuyuan_book.png"	"F1 · 生活舱 · 解剖台"
"shaqiu"	"sq_04_signal"	"img_laser.png"	"F1 · 信号舱 · 信号发射器"
"shaqiu"	"sq_05_locker"	"img_laser.png"	"F1 · 生活舱 · 储物柜"
"shaqiu"	"sq_10_f2"	"img_redqueen.png"	"F2 · 营地B · 补给站废墟"
"shaqiu"	"sq_11_medbox"	"img_redqueen.png"	"F2 · 营地A · 医疗箱"
"shaqiu"	"sq_12_survivor"	"img_redqueen.png"	"F2 · 营地A · 被吞没的哨站"
"shaqiu"	"sq_13_battery"	"img_redqueen.png"	"F2 · 营地B · 补给站废墟"
"shaqiu"	"sq_14_vent"	"img_redqueen.png"	"F2 · 沼泽孢子毒气区 · 中央通风台"
"shaqiu"	"sq_npc_hawk"	"img_redqueen.png"	"F2 · 北缘观景点 · 鹰"
"shaqiu"	"sq_20_f3"	"img_zhuyuan_book.png"	"F3 · 共生体母巢 · 入口肉厅"
"shaqiu"	"sq_21_eggnest"	"img_zhuyuan_book.png"	"F3 · 孵化腔 · 卵堆"
"shaqiu"	"sq_22_hatch"	"img_zhuyuan_book.png"	"F3 · 孵化膜"
"shaqiu"	"sq_30_f4"	"img_laser.png"	"F4 · 沙丘洞穴 · 前厅"
"shaqiu"	"sq_31_mural"	"img_laser.png"	"F4 · 回音长廊 · 壁画前"
"shaqiu"	"sq_32_throne"	"img_laser.png"	"F4 · 王座石台"
"shaqiu"	"sq_33_trap"	"img_laser.png"	"F4 · 回音长廊深处"
"shaqiu"	"sq_34_whisper"	"img_laser.png"	"F4 · 回音长廊 · 壁画前"
"shaqiu"	"sq_40_boss_intro"	"img_laser.png"	"F4 · 王座擂地 · 渴水兽王"
"shaqiu"	"sq_41_round"	"img_laser.png"	"F4 · 王座擂地 · 决战"
"shaqiu"	"sq_42_boss_down"	"img_zhuyuan_book.png"	"F4 · 王座擂地 · 兽王既殁"
"shaqiu"	"sq_43_relic"	"img_laser.png"	"F4 · 圣物室 · 遗泽种子"
"shaqiu"	"sq_44_victory"	"img_zhuyuan_book.png"	"F4 · 沙丘洞穴 · 升空井"
"shaqiu"	"sq_45_card"	""	""
"shaqiu"	"sq_npc_gliff"	"img_redqueen.png"	"F2 · 获救后的格列弗"
"shaqiu"	"sq_50_death"	""	""
"shenghua3"	"sh3_00"	"shenghua3_bg.png"	"浣熊市地下 ≪生化·任务发布≫"
"shenghua3"	"sh3_01_l1_hub"	"img_zhuyuan_book.png"	"L1 · 浣熊市地下水道"
"shenghua3"	"sh3_02_gate"	"img_zhuyuan_book.png"	"L1 · 地下水闸门"
"shenghua3"	"sh3_02_valve"	"img_zhuyuan_book.png"	"L1 · 生锈控制阀"
"shenghua3"	"sh3_02_machine"	"img_zhuyuan_book.png"	"L1 · 废弃抽水泵"
"shenghua3"	"sh3_02_corpse"	"img_zhuyuan_book.png"	"L1 · 道边尸体"
"shenghua3"	"sh3_10_sewage"	"img_laser.png"	"L1 · 污水渠漫水区"
"shenghua3"	"sh3_10_sewage_ok"	"img_zhuyuan_book.png"	"L1 · 净水取样点"
"shenghua3"	"sh3_05_survive"	"img_zhuyuan_book.png"	"L1 · 幸存者据点"
"shenghua3"	"sh3_02_gateway"	"img_laser.png"	"L1 · 地下水闸口"
"shenghua3"	"sh3_03_l2_hub"	"img_corridor.png"	"L2 · 警察局地下"
"shenghua3"	"sh3_03_cell"	"img_corridor.png"	"L2 · 审讯室门"
"shenghua3"	"sh3_03_desk"	"img_corridor.png"	"L2 · 档案桌"
"shenghua3"	"sh3_03_evidence"	"img_corridor.png"	"L2 · 证据柜"
"shenghua3"	"sh3_03_safe"	"img_corridor.png"	"L2 · 逃生井盖"
"shenghua3"	"sh3_06_officer"	"img_corridor.png"	"L2 · 警员避难岗"
"shenghua3"	"sh3_03_gateway"	"img_laser.png"	"L2 · 井道底层"
"shenghua3"	"sh3_04_l3_hub"	"img_corridor.png"	"L3 · 实验室·孵化室"
"shenghua3"	"sh3_04_morgue"	"img_laser.png"	"L3 · 停尸间"
"shenghua3"	"sh3_04_console"	"img_laser.png"	"L3 · 主控台"
"shenghua3"	"sh3_04_vat"	"img_laser.png"	"L3 · 菌株容器"
"shenghua3"	"sh3_04_data"	"img_laser.png"	"L3 · 数据终端"
"shenghua3"	"sh3_07_doctor"	"img_corridor.png"	"L3 · 医生值守台"
"shenghua3"	"sh3_09_boss_round"	"img_laser.png"	"L3 · 孵化室"
"shenghua3"	"sh3_30_final_choice"	"img_laser.png"	"L3 · 孵化室 · 神经干扰终端"
"shenghua3"	"sh3_31_spare"	"img_laser.png"	"L3 · 孵化室（宽赦之径）"
"shenghua3"	"sh3_32_feed"	"img_laser.png"	"L3 · 孵化室（喂给之径）"
"shenghua3"	"sh3_33_blowup"	"img_laser.png"	"L3 · 孵化室（引爆之径）"
"shenghua3"	"sh3_05_win"	"img_laser.png"	"浣熊市地下 · 威胁清除"
"shenghua3"	"sh3_42_card"	""	""
"shenghua3"	"sh3_40_death_sewage"	""	""
"shenghua3"	"sh3_50_death"	""	""
"shenmiao"	"sm_00"	"shenmiao_bg.png"	"倒流之海 · 深处"
"shenmiao"	"sm_10_f1"	"img_laser.png"	"F1 · 逆流之涡 · 倒垂神柱"
"shenmiao"	"sm_11_vortex"	"img_laser.png"	"F1 · 倒流涡心"
"shenmiao"	"sm_12_pillar"	"img_laser.png"	"F1 · 倒垂神柱"
"shenmiao"	"sm_13_whisper"	"img_laser.png"	"F1 · 上层低语"
"shenmiao"	"sm_14_pool"	"img_laser.png"	"F1 · 逆泳之池"
"shenmiao"	"sm_15_fight"	"img_laser.png"	"F1 · 涡口 · 遭遇"
"shenmiao"	"sm_16_gate"	"img_laser.png"	"F1 · 倒置门环（G1 已开）"
"shenmiao"	"sm_20_f2"	"img_redqueen.png"	"F2 · 颠倒回廊 · 天顶圣坛"
"shenmiao"	"sm_21_ceiling"	"img_redqueen.png"	"F2 · 天顶圣坛"
"shenmiao"	"sm_22_echo"	"img_redqueen.png"	"F2 · 颠倒回廊"
"shenmiao"	"sm_23_fall"	"img_redqueen.png"	"F2 · 倒悬龙柱"
"shenmiao"	"sm_24_fight"	"img_redqueen.png"	"F2 · 回廊 · 围拢"
"shenmiao"	"sm_25_npc"	"img_redqueen.png"	"F2 · 倒悬祭司"
"shenmiao"	"sm_26_enter_f3"	"img_redqueen.png"	"F2 · 无面石像前"
"shenmiao"	"sm_30_f3"	"img_zhuyuan_book.png"	"F3 · 沉眠神龛 · 旧神祭窟"
"shenmiao"	"sm_31_basilica"	"img_zhuyuan_book.png"	"F3 · 空神龛"
"shenmiao"	"sm_32_eye"	"img_zhuyuan_book.png"	"F3 · 穹顶之眼"
"shenmiao"	"sm_33_bones"	"img_zhuyuan_book.png"	"F3 · 旧神残骨"
"shenmiao"	"sm_34_fight"	"img_zhuyuan_book.png"	"F3 · 神龛前 · 缠斗"
"shenmiao"	"sm_35_boss"	"img_laser.png"	"F3 · 行走的水面"
"shenmiao"	"sm_35_boss_round"	"img_laser.png"	"F3 · 旧神眷属 · 相位闪现"
"shenmiao"	"sm_36_win"	"img_zhuyuan_book.png"	"F3 · 空神龛 · 安魂"
"shenmiao"	"sm_37_ending"	"img_zhuyuan_book.png"	"F3 · 旧神祭窟 · 尾声"
"shenmiao"	"sm_40_card"	""	""
"shenmiao"	"sm_50_death"	""	""
"shourongsuo"	"sr_00"	"shourongsuo_bg.png"	"收容所 · 概念隔离区入口"
"shourongsuo"	"sr_open_1"	"img_laser.png"	"标本廊 · 一排不说话的容器"
"shourongsuo"	"sr_open_2"	"img_zhuyuan_book.png"	"红区中廊 · 阿落下的名字"
"shourongsuo"	"sr_hub"	"img_redqueen.png"	"收容所中庭 · 无名的十字路口"
"shourongsuo"	"sr_pt_sthouse"	"img_laser.png"	"标本库 · 概念之厩"
"shourongsuo"	"sr_pt_archive"	"img_zhuyuan_book.png"	"档案室 · 被抹去的一笔"
"shourongsuo"	"sr_pt_empty"	"img_redqueen.png"	"空置区 · 概念消散后的房间"
"shourongsuo"	"sr_n_custodian"	"img_zhuyuan_book.png"	"中庭 · 与抄名者对谈"
"shourongsuo"	"sr_n_custodian2"	"img_zhuyuan_book.png"	"抄名者 · 一句不敢写完的警示"
"shourongsuo"	"sr_pre_1"	"img_zhuyuan_book.png"	"隔离区门 · 红色警示带"
"shourongsuo"	"sr_pre_2"	"img_redqueen.png"	"隔离区最深处 · 模因具现体"
"shourongsuo"	"sr_01"	"img_zhuyuan_book.png"	"隔离区 · 决战处"
"shourongsuo"	"sr_round"	"img_laser.png"	"决战处"
"shourongsuo"	"sr_card"	""	""
"shourongsuo"	"sr_death"	""	""
"shourongsuo"	"sr_end_view"	"img_laser.png"	"标本廊 · 结局 · 看尽无语之光"
"shourongsuo"	"sr_end_souv"	"img_zhuyuan_book.png"	"标本库 · 结局 · 带走无言容器"
"shourongsuo"	"sr_end_stay"	"img_redqueen.png"	"隔离区 · 结局 · 无名守卫"
"shuangbai"	"sb_00"	"shuangbai_bg.png"	"霜白村村口"
"shuangbai"	"sb_01"	"img_shuangbai_well.png"	"枯井井沿"
"shuangbai"	"sb_02"	"img_shuangbai_deep.png"	"井道（下沉中）"
"shuangbai"	"sb_03"	"img_shuangbai_hut.png"	"老屋门口"
"shuangbai"	"sb_04"	"img_shuangbai_barn.png"	"谷仓门口"
"shuangbai"	"sb_07"	"img_shuangbai_barn_open.png"	"谷仓内"
"shuangbai"	"sb_05"	"img_shuangbai_well.png"	"枯井井沿"
"shuangbai"	"sb_06"	"img_shuangbai_hut.png"	"老屋阁楼"
"shuangbai"	"sb_12"	"img_shuangbai_bones.png"	"井底白骨坪"
"shuangbai"	"sb_13"	"img_shuangbai_bones.png"	"井底白骨坪"
"shuangbai"	"sb_boss_round"	"img_shuangbai_boss.png"	"井底白骨坪"
"shuangbai"	"sb_settle"	"img_shuangbai_morning.png"	"井口（雾散）"
"shuangbai"	"sb_death"	"img_shuangbai_death.png"	"灰雾深处"
"shuangbai"	"sb_hub"	"img_shuangbai_misty.png"	"霜白村村道"
"sishen"	"ss_00"	"sishen_bg.png"	"机场候机大厅 ≪警报到计时≫"
"sishen"	"ss_01_l1_hub"	"img_train.png"	"L1 · 机场候机大厅"
"sishen"	"ss_02_board"	"img_train.png"	"L1 · 值机屏 · 航班牌"
"sishen"	"ss_02_sit"	"img_train.png"	"L1 · 候机座椅排"
"sishen"	"ss_02_escalator"	"img_train.png"	"L1 · 自动扶梯口"
"sishen"	"ss_02_glass"	"img_train.png"	"L1 · 落地玻璃幕"
"sishen"	"ss_02_metal"	"img_train.png"	"L1 · 金属通道缝隙"
"sishen"	"ss_02_gate"	"img_train.png"	"L1 · 登机安检口"
"sishen"	"ss_05_announcer"	"img_train.png"	"L1 · 广播值班室"
"sishen"	"ss_10_death_fall"	"img_train.png"	"L1 · 扶梯金属护栏"
"sishen"	"ss_03_l2_hub"	"img_corridor.png"	"L2 · 明州高速公路"
"sishen"	"ss_03_overpass"	"img_corridor.png"	"L2 · 跨线天桥"
"sishen"	"ss_03_truck"	"img_corridor.png"	"L2 · 油罐车侧翻点"
"sishen"	"ss_03_tire"	"img_corridor.png"	"L2 · 轮胎印"
"sishen"	"ss_03_car"	"img_corridor.png"	"L2 · 连环撞车现场"
"sishen"	"ss_06_trooper"	"img_corridor.png"	"L2 · 巡警岗"
"sishen"	"ss_03_gap"	"img_corridor.png"	"L2 · 匝道护栏缺口"
"sishen"	"ss_11_death_boom"	"img_corridor.png"	"L2 · 油罐车侧翻点 · 泄漏核心"
"sishen"	"ss_04_l3_hub"	"img_zhuyuan_book.png"	"L3 · 郊外住宅"
"sishen"	"ss_04_fuse"	"img_zhuyuan_book.png"	"L3 · 跳闸电箱"
"sishen"	"ss_04_oven"	"img_zhuyuan_book.png"	"L3 · 煤气灶"
"sishen"	"ss_04_stair"	"img_zhuyuan_book.png"	"L3 · 楼梯口"
"sishen"	"ss_04_water"	"img_zhuyuan_book.png"	"L3 · 地面积水"
"sishen"	"ss_07_neighbor"	"img_zhuyuan_book.png"	"L3 · 隔壁邻居"
"sishen"	"ss_04_garage"	"img_zhuyuan_book.png"	"L3 · 车库"
"sishen"	"ss_09_emissary"	"img_zhuyuan_book.png"	"L3 · 车库 · 决战"
"sishen"	"ss_09_emissary_win"	"img_zhuyuan_book.png"	"L3 · 车库"
"sishen"	"ss_12_death_shock"	"img_zhuyuan_book.png"	"L3 · 短路积水区"
"sishen"	"ss_13_death_stair"	"img_zhuyuan_book.png"	"L3 · 楼梯坠落点"
"sishen"	"ss_20_settle"	"img_zhuyuan_book.png"	"命运清单 · 结算"
"sishen"	"ss_21_card"	""	""
"sishen"	"ss_40_death_fall"	""	""
"sishen"	"ss_41_death_boom"	""	""
"sishen"	"ss_42_death_shock"	""	""
"sishen"	"ss_43_death_stair"	""	""
"sishen"	"ss_44_death_enforcer"	""	""
"siwuzhen"	"sw_00"	"siwuzhen_bg.png"	"死雾镇 · 镇口"
"siwuzhen"	"sw_hub"	"siwuzhen_bg.png"	"死雾镇 · 主街"
"siwuzhen"	"sw_well"	"siwuzhen_bg.png"	"死雾镇 · 中央水井"
"siwuzhen"	"sw_church"	"siwuzhen_bg.png"	"死雾镇 · 废弃教堂"
"siwuzhen"	"sw_post"	"siwuzhen_bg.png"	"死雾镇 · 雾中邮局"
"siwuzhen"	"sw_hotel"	"siwuzhen_bg.png"	"死雾镇 · 镇招待所"
"siwuzhen"	"sw_hermit"	"siwuzhen_bg.png"	"死雾镇 · 废弃磨坊"
"siwuzhen"	"sw_sister"	"siwuzhen_bg.png"	"死雾镇 · 雾边的空屋"
"siwuzhen"	"sw_gray"	"siwuzhen_bg.png"	"死雾镇 · 雾最深处的街口"
"siwuzhen"	"sw_prelude"	"img_laser.png"	"死雾镇 · 镇后河岸"
"siwuzhen"	"sw_01"	"img_zhuyuan_book.png"	"镇后河桥桥头"
"siwuzhen"	"sw_round"	"img_laser.png"	"决战 · 河桥之上"
"siwuzhen"	"sw_end_look"	""	""
"siwuzhen"	"sw_end_souvenir"	""	""
"siwuzhen"	"sw_end_stay"	""	""
"siwuzhen"	"sw_card"	""	""
"siwuzhen"	"sw_death"	""	""
"tianshe"	"ts_open"	"tianshe_bg.png"	"L1 · 牢房"
"tianshe"	"ts_act2_cell"	"img_corridor.png"	"L1 · 牢房区"
"tianshe"	"ts_act3_convoy"	"img_train.png"	"L1 · 体检室→甬道"
"tianshe"	"ts_guard_fight"	"img_train.png"	"L1 · 监工室"
"tianshe"	"ts_guard_win"	"img_train.png"	"L1 · 监工室"
"tianshe"	"ts_act4_pool"	"img_ts_l2_pool.png"	"L2 · 血池车间"
"tianshe"	"ts_zero_fight"	"img_ts_l2_pool.png"	"L2 · 血池车间 · miniboss"
"tianshe"	"ts_zero_win"	"img_ts_l2_pool.png"	"L2 · 血池车间"
"tianshe"	"ts_act5_temple"	"img_ts_l2_pool.png"	"L3 · 祭祀场→母体槽室"
"tianshe"	"ts_act6_core"	"img_redqueen.png"	"L4 · 大厅→核心熔炉"
"tianshe"	"ts_boss1_fight"	"img_redqueen.png"	"L4 · 族长寝巢 · 阶段一"
"tianshe"	"ts_boss1_retreat"	"img_redqueen.png"	"L4 · 族长寝巢 → 熔炉"
"tianshe"	"ts_boss2_start"	"img_redqueen.png"	"L4 · 核心熔炉 · 阶段二"
"tianshe"	"ts_boss2_round"	"img_redqueen.png"	"L4 · 核心熔炉 · 决战"
"tianshe"	"ts_boss2_win"	"img_redqueen.png"	"L4 · 核心熔炉"
"tianshe"	"ts_boss2_wipe"	""	""
"tianshe"	"ts_boss2_lose"	""	""
"tianshe"	"ts_finale"	"img_redqueen.png"	"L4 · 逃生竖井"
"tianshe"	"ts_finish"	""	""
"tianshe"	"ts_death"	""	""
"tianshe"	"ts_hall"	"img_corridor.png"	"零号基地 · 探索间"
"tianshe"	"ts_roster"	"img_corridor.png"	"L1 · 体检台 · 押运名册"
"tianshe"	"ts_flow"	"img_ts_l2_pool.png"	"L2 · 改造流水线 · 记录"
"tianshe"	"ts_prayer"	"img_ts_l2_pool.png"	"L2 · 血池回廊 · 墙刻祈祷"
"tianshe"	"ts_mother"	"img_ts_l2_pool.png"	"L2 · 样本库 · 培养槽日志"
"tianshe"	"ts_seal"	"img_ts_l2_pool.png"	"L3 · 祭祀场 · 符箓抄本"
"tianshe"	"ts_escape"	"img_ts_l2_pool.png"	"L3 · 母体槽室 · 钧的刻字"
"tianshe"	"ts_name"	"img_redqueen.png"	"L4 · 核心区 · 实验室名单"
"tianshe"	"ts_heart"	"img_redqueen.png"	"L4 · 逃生竖井旁 · 无名氏记录"
"tianshe"	"ts_tokenbox"	"img_train.png"	"L1 · 监工室 · 令牌箱"
"tianshe"	"ts_foreman"	"img_train.png"	"L1 · 监工室 · 书桌"
"tianshe"	"ts_wall"	"img_corridor.png"	"L1 · 牢房 · 墙上刻字"
"tianshe"	"ts_pool"	"img_ts_l2_pool.png"	"L2 · 血池 · 翻涌池面"
"tianshe"	"ts_console"	"img_ts_l2_pool.png"	"L2 · 监工站 · 控制台"
"tianshe"	"ts_safe"	"img_ts_l2_pool.png"	"L2 · 样本库 · 保险柜"
"tianshe"	"ts_rune"	"img_ts_l2_pool.png"	"L2 · 符文切割场 · 符文装置"
"tianshe"	"ts_valve"	"img_ts_l2_pool.png"	"L2 · 血池 · 排水阀门"
"tianshe"	"ts_altar"	"img_ts_l2_pool.png"	"L3 · 祭坛 · 初蛇血契"
"tianshe"	"ts_mothercurve"	"img_ts_l2_pool.png"	"L3 · 初蛇母体 · 巨槽"
"tianshe"	"ts_temple"	"img_ts_l2_pool.png"	"L3 · 图腾柱 · 暗格"
"tianshe"	"ts_hope"	"img_ts_l2_pool.png"	"L3 · 母体槽壁 · 血液刻印"
"tianshe"	"ts_furnace"	"img_redqueen.png"	"L4 · 基因熔炉"
"tianshe"	"ts_npc_alien"	"img_corridor.png"	"L1 · 牢房区 · 阿莲"
"tianshe"	"ts_npc_stone"	"img_corridor.png"	"L1 · 牢房区 · 老石"
"tianshe"	"ts_npc_jun"	"img_ts_l2_pool.png"	"L3 · 下层回廊 · 钧留音"
"tianting"	"tt_01_drop"	"tianting_bg.png"	"主神广场 · 解锁·洪荒天庭"
"tianting"	"tt_01_drop_land"	"img_zhuyuan_book"	"L1 南天门残垣 · 坠落点"
"tianting"	"tt_01_fengshen_ask"	"img_zhuyuan_book"	"主神广场 · 任务门"
"tianting"	"tt_01_refuse"	"img_zhuyuan_book"	"主神广场 · 任务门"
"tianting"	"tt_03_stele"	"img_zhuyuan_book"	"L1 · 天条断碑"
"tianting"	"tt_02_gate"	"img_zhuyuan_book"	"L1 南天门残门"
"tianting"	"tt_04_ruins"	"img_zhuyuan_book"	"L1 天庭兵冢"
"tianting"	"tt_04_win"	"img_zhuyuan_book"	"L1 天庭兵冢 · 清理"
"tianting"	"tt_05_bridge"	"img_redqueen"	"L2 天庭神桥 · 断裂处"
"tianting"	"tt_05_bridge_lushi"	"img_redqueen"	"L2 神桥 · 录事官残魂"
"tianting"	"tt_06_cloud_stele"	"img_redqueen"	"L2 云海断碑"
"tianting"	"tt_07_stars"	"img_redqueen"	"L2 星宿残阵"
"tianting"	"tt_07_stars_done"	"img_redqueen"	"L2 星宿残阵 · 归位"
"tianting"	"tt_08_fengshen"	"img_laser"	"L3 封神台 · 入口"
"tianting"	"tt_08_fengshen_core"	"img_laser"	"L3 封神台核心"
"tianting"	"tt_09_truth_wall"	"img_laser"	"L3 诛仙剑痕残壁"
"tianting"	"tt_11_fengshen_truth"	"img_laser"	"L3 诛仙剑痕 · 真相揭晓"
"tianting"	"tt_10_cages"	"img_laser"	"L3 万族囚笼"
"tianting"	"tt_12_lingxiao"	"img_laser"	"L4 凌霄殿残殿 · 倒悬王座"
"tianting"	"tt_13_fight_gate"	"img_laser"	"L3 封神台结界 · 开战前"
"tianting"	"tt_14_r1"	"img_laser"	"L3 封神台 · 决战 · 一形态"
"tianting"	"tt_14_interrupt_check"	"img_laser"	"L3 封神台 · 打断判定"
"tianting"	"tt_14_round_r1"	"img_laser"	"L3 · 决战 · 一形态"
"tianting"	"tt_huang_cast"	"img_laser"	"L3 封神台上空 · 转场演出"
"tianting"	"tt_15_r2"	"img_laser"	"L3 封神台 · 决战 · 二形态"
"tianting"	"tt_15_round_r2"	"img_laser"	"L3 · 决战 · 二形态"
"tianting"	"tt_17_choice"	"img_laser"	"L4 凌霄殿残殿 · 倒悬王座前"
"tianting"	"tt_16_ending_unmask"	"img_laser"	"L4 凌霄殿 · 真相传世"
"tianting"	"tt_16_ending_seal"	"img_laser"	"L4 凌霄殿 · 助伏羲镇天"
"tianting"	"tt_16_ending_self"	"img_laser"	"L4 凌霄殿 · 自取神性"
"tianting"	"tt_18_settle"	""	""
"tianting"	"tt_lose_r1"	""	""
"tianting"	"tt_lose_r2"	""	""
"tianting"	"tt_lose_common"	""	""
"tianwang"	"tw_00"	"tianwang_bg.png"	"天网 · 地下机械核心入口"
"tianwang"	"tw_open_1"	"img_laser.png"	"地下动力廊 · 无数转动的齿轮"
"tianwang"	"tw_open_2"	"img_zhuyuan_book.png"	"记忆舱 · 被格式化前的一格"
"tianwang"	"tw_hub"	"img_redqueen.png"	"地下中枢 · 冰凉的环形主厅"
"tianwang"	"tw_pt_core"	"img_laser.png"	"核心机巢 · 恒定之心"
"tianwang"	"tw_pt_count"	"img_zhuyuan_book.png"	"倒计时舱 · 即将归零"
"tianwang"	"tw_pt_gear"	"img_redqueen.png"	"齿轮长廊 · 不止的轮子"
"tianwang"	"tw_n_worker"	"img_zhuyuan_book.png"	"核心脚下 · 与擦名牌工人对谈"
"tianwang"	"tw_n_worker2"	"img_zhuyuan_book.png"	"维修工 · 程序深处的警告"
"tianwang"	"tw_pre_1"	"img_zhuyuan_book.png"	"核心深处门 · 红色警戒区"
"tianwang"	"tw_pre_2"	"img_redqueen.png"	"SEED 核心 · 机械融合体"
"tianwang"	"tw_01"	"img_zhuyuan_book.png"	"SEED 核心 · 决战处"
"tianwang"	"tw_round"	"img_laser.png"	"决战处"
"tianwang"	"tw_card"	""	""
"tianwang"	"tw_death"	""	""
"tianwang"	"tw_end_view"	"img_laser.png"	"地下中枢 · 结局 · 再看那枚恒定的心"
"tianwang"	"tw_end_souv"	"img_zhuyuan_book.png"	"齿轮长廊 · 结局 · 带走一片书页"
"tianwang"	"tw_end_stay"	"img_redqueen.png"	"SEED 核心 · 结局 · 守住程序的心"
"tiexue"	"tx_00_open"	"tiexue_bg.png"	"L1 · 铁血金字塔 · 裂谷入口"
"tiexue"	"tx_10_l1_hub"	"img_zhuyuan_book.png"	"L1 · 冰层营地 · 裂谷入口"
"tiexue"	"tx_12_supply"	"img_zhuyuan_book.png"	"L1 · 冰原补给箱"
"tiexue"	"tx_11_frozen"	"img_zhuyuan_book.png"	"L1 · 冻尸 · 铁血战士"
"tiexue"	"tx_15_l1_to_l2"	"img_laser.png"	"L1 → L2 · 单向下冰阶"
"tiexue"	"tx_20_egg"	"img_corridor.png"	"L1 · 异形卵膜簇"
"tiexue"	"tx_20_egg_fight"	"img_corridor.png"	"L1 · 卵膜 · 洞穴"
"tiexue"	"tx_21_egg_fight"	"img_corridor.png"	"L2 · 巢室卵膜"
"tiexue"	"tx_20_l2_hub"	"img_corridor.png"	"L2 · 金字塔墓道迷宫"
"tiexue"	"tx_30_wall"	"img_corridor.png"	"L2 · 入口浮雕壁画"
"tiexue"	"tx_30_warrack"	"img_corridor.png"	"L2 · 陪葬室 · 武器架"
"tiexue"	"tx_32_acid"	"img_corridor.png"	"L2 · 酸液枪管陷阱"
"tiexue"	"tx_33_core"	"img_corridor.png"	"L2 · 核心墓室 · 祭坛石板"
"tiexue"	"tx_35_l2_to_l3"	"img_laser.png"	"L2 → L3 · 圣门单向"
"tiexue"	"tx_21_egg"	"img_corridor.png"	"L2 · 异形巢室 · 卵膜"
"tiexue"	"tx_30_l3_hub"	"img_laser.png"	"L3 · 祭坛圣殿 · 皇后巢"
"tiexue"	"tx_40_predator"	"img_laser.png"	"L3 · 圣殿 · 铁血战士"
"tiexue"	"tx_41_alliance"	"img_laser.png"	"L3 · 圣殿 · 铁血战士"
"tiexue"	"tx_predator_round"	"img_laser.png"	"L3 · 圣殿 · 猎杀之战"
"tiexue"	"tx_42_hunted"	"img_laser.png"	"L3 · 圣殿 · 猎杀胜利"
"tiexue"	"tx_50_acid_puzzle"	"img_laser.png"	"L3 · 祭坛酸液喷口"
"tiexue"	"tx_55_queen_start"	"img_laser.png"	"L3 · 中央祭坛 · 皇后现身"
"tiexue"	"tx_queen_round"	"img_laser.png"	"L3 · 皇后巢 · 激战"
"tiexue"	"tx_60_queen_win"	"img_laser.png"	"L3 · 碎裂圣像 · 胜利"
"tiexue"	"tx_61_shard"	"img_laser.png"	"L3 · 碎裂圣像 · 拾取"
"tiexue"	"tx_90_exit"	"img_laser.png"	"L3 · 回归圣门"
"tiexue"	"tx_95_card"	""	""
"tiexue"	"tx_98_death"	""	""
"tiexue"	"tx_98_death_queen"	""	""
"tiexue"	"tx_98_death_predator"	""	""
"tiexue2"	"tx2_00_open"	"tiexue2_bg.png"	"L1 · 雨林金字塔 · 入口"
"tiexue2"	"tx2_10_l1_hub"	"img_zhuyuan_book.png"	"L1 · 雨林地表 · 金字塔入口"
"tiexue2"	"tx2_12_cache"	"img_zhuyuan_book.png"	"L1 · 藤蔓补给匣"
"tiexue2"	"tx2_11_frozen"	"img_zhuyuan_book.png"	"L1 · 倒悬的铁血残躯"
"tiexue2"	"tx2_13_peel"	"img_zhuyuan_book.png"	"L1 · 巨蟒蜕 · 剥片"
"tiexue2"	"tx2_15_l1_to_l2"	"img_corridor.png"	"L1 → L2 · 单向下坠坑"
"tiexue2"	"tx2_20_egg"	"img_corridor.png"	"L1 · 异形卵膜簇"
"tiexue2"	"tx2_20_egg_fight"	"img_corridor.png"	"L1 · 卵膜 · 泥穴"
"tiexue2"	"tx2_21_egg_fight"	"img_corridor.png"	"L2 · 巢室卵膜"
"tiexue2"	"tx2_20_l2_hub"	"img_corridor.png"	"L2 · 金字塔墓道迷宫"
"tiexue2"	"tx2_30_wall"	"img_corridor.png"	"L2 · 入口雨刻壁画"
"tiexue2"	"tx2_30_warrack"	"img_corridor.png"	"L2 · 陪葬室 · 铁锈武器架"
"tiexue2"	"tx2_32_acid"	"img_corridor.png"	"L2 · 酸液锁管"
"tiexue2"	"tx2_33_core"	"img_corridor.png"	"L2 · 核心墓宫 · 祭坛预言碑"
"tiexue2"	"tx2_35_l2_to_l3"	"img_laser.png"	"L2 → L3 · 圣门单向"
"tiexue2"	"tx2_21_egg"	"img_corridor.png"	"L2 · 异形巢室 · 卵膜"
"tiexue2"	"tx2_30_l3_hub"	"img_laser.png"	"L3 · 祭坛神座 · 皇后巢"
"tiexue2"	"tx2_40_predator"	"img_laser.png"	"L3 · 圣殿 · 铁血战士"
"tiexue2"	"tx2_41_alliance"	"img_laser.png"	"L3 · 圣殿 · 铁血战士"
"tiexue2"	"tx2_predator_round"	"img_laser.png"	"L3 · 圣殿 · 猎杀之战"
"tiexue2"	"tx2_42_hunted"	"img_laser.png"	"L3 · 圣殿 · 猎杀胜利"
"tiexue2"	"tx2_50_acid_puzzle"	"img_laser.png"	"L3 · 祭坛酸液锁塔"
"tiexue2"	"tx2_55_queen_start"	"img_laser.png"	"L3 · 中央祭坛 · 皇后现身"
"tiexue2"	"tx2_queen_round"	"img_laser.png"	"L3 · 皇后巢 · 激战"
"tiexue2"	"tx2_60_queen_win"	"img_laser.png"	"L3 · 碎裂神像 · 胜利"
"tiexue2"	"tx2_61_shard"	"img_laser.png"	"L3 · 碎裂神像 · 拾取"
"tiexue2"	"tx2_90_exit"	"img_laser.png"	"L3 · 回归圣门"
"tiexue2"	"tx2_91_flee"	"img_laser.png"	"L3 · 回归圣门 · 侧缝"
"tiexue2"	"tx2_95_card"	""	""
"tiexue2"	"tx2_98_death"	""	""
"tiexue2"	"tx2_98_death_queen"	""	""
"tiexue2"	"tx2_98_death_predator"	""	""
"tongqu"	"tq_00"	"tongqu_bg.png"	"通衢古镇 · 镇口"
"tongqu"	"tq_01"	"img_zhuyuan_book.png"	"L1 · 通衢镇门"
"tongqu"	"tq_05_stele"	"img_zhuyuan_book.png"	"L1 · 镇门石碣"
"tongqu"	"tq_10_track"	"img_zhuyuan_book.png"	"L1 · 雨后车辙 · 追凶线索"
"tongqu"	"tq_05_flag"	"img_zhuyuan_book.png"	"L1 · 镖旗残片"
"tongqu"	"tq_04_dangpu"	"img_zhuyuan_book.png"	"L1 · 当铺招牌"
"tongqu"	"tq_02"	"img_corridor.png"	"L2 · 市井长街"
"tongqu"	"tq_20_biaoju"	"img_corridor.png"	"L2 · 振远镖局 · 柜房"
"tongqu"	"tq_20_huyuan_fight"	"img_corridor.png"	"L2 · 镖局内院口"
"tongqu"	"tq_20_huyuan_fight2"	"img_corridor.png"	"L2 · 镖局内院口"
"tongqu"	"tq_20_huyuan_win"	"img_corridor.png"	"L2 · 镖局内院口"
"tongqu"	"tq_21_dark_shop"	"img_corridor.png"	"L2 · 黑店暗门"
"tongqu"	"tq_21_aced_shock"	"img_corridor.png"	"L2 · 黑店后厨"
"tongqu"	"tq_21_dark_fight"	"img_corridor.png"	"L2 · 黑店后厨"
"tongqu"	"tq_21_dark_win"	"img_corridor.png"	"L2 · 黑店后厨"
"tongqu"	"tq_22_inn"	"img_corridor.png"	"L2 · 客栈 · 追凶"
"tongqu"	"tq_22_inn_tip"	"img_corridor.png"	"L2 · 客栈二楼"
"tongqu"	"tq_22_inn_fight"	"img_corridor.png"	"L2 · 客栈后檐"
"tongqu"	"tq_22_inn_win"	"img_corridor.png"	"L2 · 客栈后檐"
"tongqu"	"tq_22_self"	"img_corridor.png"	"L2 · 市井 · 三条线索在攥手"
"tongqu"	"tq_23_dangpu2"	"img_corridor.png"	"L2 · 当铺柜台"
"tongqu"	"tq_03"	"img_train.png"	"L3 · 镇尾古宅"
"tongqu"	"tq_30_altar"	"img_train.png"	"L3 · 古宅供桌"
"tongqu"	"tq_31_letter"	"img_train.png"	"L3 · 密信残页"
"tongqu"	"tq_32_scroll"	"img_train.png"	"L3 · 古宅残简"
"tongqu"	"tq_boss_enter"	"img_train.png"	"L3 · 古宅中堂 · 决战"
"tongqu"	"tq_boss_round"	"img_train.png"	"L3 · 古宅中堂 · 激战"
"tongqu"	"tq_boss_win"	"img_train.png"	"L3 · 古宅中堂"
"tongqu"	"tq_33_exit"	"img_train.png"	"L3 · 古宅 · 撤离阵"
"tongqu"	"tq_34_card"	""	""
"tongqu"	"tq_40_death"	""	""
"tongqu"	"tq_40_death_boss"	""	""
"wujin"	"wj_00"	"wujin_bg.png"	"无尽森林 · 林缘"
"wujin"	"wj_hub"	"wujin_bg.png"	"无尽森林 · 部落实地"
"wujin"	"wj_pt_altar"	"wujin_bg.png"	"部落实地 · 圣树祭火"
"wujin"	"wj_pt_totem"	"wujin_bg.png"	"密林 · 藤蔓图腾"
"wujin"	"wj_pt_victims"	"wujin_bg.png"	"密林 · 兽骨堆"
"wujin"	"wj_pt_pool"	"wujin_bg.png"	"密林 · 心湖倒影"
"wujin"	"wj_pt_stele"	"wujin_bg.png"	"部落实地 · 祖声柱碑"
"wujin"	"wj_np_hunter"	"wujin_bg.png"	"部落实地 · 猎人围火"
"wujin"	"wj_np_elder"	"wujin_bg.png"	"部落实地 · 割藤老者棚"
"wujin"	"wj_01b_prep"	"wujin_bg.png"	"迎击口 · 战潮压顶"
"wujin"	"wj_01"	"img_zhuyuan_book.png"	"迎击口"
"wujin"	"wj_round"	"img_laser.png"	"迎击口 · 决战处"
"wujin"	"wj_end_choice"	"wujin_bg.png"	"决战之后 · 林间空场"
"wujin"	"wj_card"	""	""
"wujin"	"wj_death"	""	""
"wulin"	"wl_00"	"wulin_bg.png"	"L1 · 山门会场坊市"
"wulin"	"wl_notice"	"img_zhuyuan_book.png"	"L1 · 大会榜文"
"wulin"	"wl_signin"	"img_zhuyuan_book.png"	"L1 · 大会签到处"
"wulin"	"wl_stall"	"img_zhuyuan_book.png"	"L1 · 兵器摊"
"wulin"	"wl_herb"	"img_zhuyuan_book.png"	"L1 · 药摊 · 伤药"
"wulin"	"wl_watch_post"	"img_zhuyuan_book.png"	"L1 · 观者留言壁"
"wulin"	"wl_dark_door"	"img_zhuyuan_book.png"	"L1 · 西隅暗门"
"wulin"	"wl_arena"	"img_nexus.png"	"L2 · 擂台广场"
"wulin"	"wl_after_hm"	"img_nexus.png"	"L2 · 擂台后台"
"wulin"	"wl_back"	"img_zhuyuan_book.png"	"L3 · 后台 · 盟主府前堂"
"wulin"	"wl_mi_ling"	"img_zhuyuan_book.png"	"L3 · 密令夹层"
"wulin"	"wl_old_case"	"img_zhuyuan_book.png"	"L3 · 盟主旧案宗卷"
"wulin"	"wl_back_hall"	"img_zhuyuan_book.png"	"L3 · 后台议事壁"
"wulin"	"wl_servant"	"img_zhuyuan_book.png"	"L3 · 杂役耳房"
"wulin"	"wl_secret"	"img_corridor.png"	"L4 · 盟主府密道"
"wulin"	"wl_wo_di"	"img_corridor.png"	"L4 · 卧底密室"
"wulin"	"wl_hidden_doc"	"img_corridor.png"	"L4 · 密道藏信"
"wulin"	"wl_escape_sign"	"img_corridor.png"	"L4 · 逃脱指示碑"
"wulin"	"wl_menzhu_intro"	"img_corridor.png"	"L4 · 盟主议事暗厅"
"wulin"	"wl_menzhu_round"	"img_corridor.png"	"L4 · 盟主议事暗厅"
"wulin"	"wl_32_card"	"img_corridor.png"	"盟主府 · 暗厅余烬"
"wulin"	"wl_33_revolt"	"img_corridor.png"	"盟主府 · 暗厅余烬"
"wulin"	"wl_40_death"	""	""
"wulin"	"wl_40_death_menzhu"	""	""
"xingchen"	"xc_00"	"xingchen_bg.png"	"巨兽体内 · 入口腔道"
"xingchen"	"xc_hub"	"xingchen_bg.png"	"巨兽体内 · 腔内浮岛"
"xingchen"	"xc_pt_heap"	"xingchen_bg.png"	"巨兽体内 · 星骸压缩区"
"xingchen"	"xc_pt_well"	"xingchen_bg.png"	"巨兽体内 · 引力之井"
"xingchen"	"xc_pt_hall"	"xingchen_bg.png"	"巨兽体内 · 光尘回廊"
"xingchen"	"xc_pt_crystal"	"xingchen_bg.png"	"巨兽体内 · 胃壁晶簇"
"xingchen"	"xc_pt_keel"	"xingchen_bg.png"	"巨兽体内 · 脊龙骨"
"xingchen"	"xc_np_cast"	"xingchen_bg.png"	"巨兽体内 · 残骸营地"
"xingchen"	"xc_np_firefly"	"xingchen_bg.png"	"巨兽体内 · 星尘浮游"
"xingchen"	"xc_01b_prep"	"xingchen_bg.png"	"出口腔道 · 星核守卫"
"xingchen"	"xc_01"	"img_zhuyuan_book.png"	"出口腔道"
"xingchen"	"xc_round"	"img_laser.png"	"出口腔道 · 决战处"
"xingchen"	"xc_end_choice"	"xingchen_bg.png"	"决战之后 · 星团裂缝"
"xingchen"	"xc_card"	""	""
"xingchen"	"xc_death"	""	""
"xinghe"	"xh_00"	"xinghe_bg.png"	"L1 · 登陆场"
"xinghe"	"xh_02_craft"	"img_horde.png"	"L1 · 登陆舱残骸"
"xinghe"	"xh_03_beacon"	"img_horde.png"	"L1 · 通讯信标"
"xinghe"	"xh_04_hunter_note"	"img_horde.png"	"L1 · 尸兵野战队记"
"xinghe"	"xh_combat_wave1"	"img_horde.png"	"L1 · 登陆场"
"xinghe"	"xh_rest_wave1"	"img_horde.png"	"L1 · 岩台掩体后"
"xinghe"	"xh_combat_wave2"	"img_horde.png"	"L1 · 登陆场"
"xinghe"	"xh_rest_wave2"	"img_horde.png"	"L1 · 岩台掩体后"
"xinghe"	"xh_combat_wave3"	"img_horde.png"	"L1 · 登陆场"
"xinghe"	"xh_01"	"img_horde.png"	"L1 · 登陆场 · 地洞入口"
"xinghe"	"xh_01_skirmish"	"img_horde.png"	"L1 · 登陆场"
"xinghe"	"xh_10_arrive_tunnel"	"img_corridor.png"	"L2 · 地洞入口"
"xinghe"	"xh_11_egg"	"img_corridor.png"	"L2 · 菌毯卵堆"
"xinghe"	"xh_12_rune"	"img_corridor.png"	"L2 · 地道壁画 · 虫纹"
"xinghe"	"xh_13_gainttrack"	"img_corridor.png"	"L2 · 溶洞巢蜥残骸"
"xinghe"	"xh_combat_tunnel"	"img_corridor.png"	"L2 · 隧道岔口"
"xinghe"	"xh_11_tunnel_rest"	"img_corridor.png"	"L2 · 隧道岩龛后"
"xinghe"	"xh_14_drop"	"img_corridor.png"	"L2 · 深坑垂降"
"xinghe"	"xh_20_arrive_nest"	"img_laser.png"	"L3 · 脑虫巢 · 巢穴外周"
"xinghe"	"xh_21_observe"	"img_laser.png"	"L3 · 巢膜观察窗"
"xinghe"	"xh_22_membrane"	"img_laser.png"	"L3 · 巢膜边缘"
"xinghe"	"xh_23_nest_guard"	"img_laser.png"	"L3 · 巢穴外周"
"xinghe"	"xh_30_brain"	"img_laser.png"	"L3 · 脑虫高台 · 决战"
"xinghe"	"xh_brain_round"	"img_laser.png"	"L3 · 脑虫高台 · 激战"
"xinghe"	"xh_41_settle"	"img_laser.png"	"L3 · 脑虫高台"
"xinghe"	"xh_42_card"	""	""
"xinghe"	"xh_50_death"	""	""
"xinghe"	"xh_51_death_brain"	""	""
"xingjichuanqi"	"xj_00"	"xingjichuanqi_bg.png"	"CD星球 · 双日荒原 · 登陆点"
"xingjichuanqi"	"xj_hub"	"xingjichuanqi_bg.png"	"CD星球 · 荒原哨站"
"xingjichuanqi"	"xj_sun"	"xingjichuanqi_bg.png"	"荒原 · 双日叠景观测点"
"xingjichuanqi"	"xj_fossil"	"xingjichuanqi_bg.png"	"荒原 · 化石峡谷"
"xingjichuanqi"	"xj_glow"	"xingjichuanqi_bg.png"	"荒原 · 白昼磷光地"
"xingjichuanqi"	"xj_resident"	"xingjichuanqi_bg.png"	"弃站 · 守日人的帐篷"
"xingjichuanqi"	"xj_traveler"	"xingjichuanqi_bg.png"	"荒原石径 · 观星者"
"xingjichuanqi"	"xj_prelude"	"xingjichuanqi_bg.png"	"荒原 · 望向裂谷"
"xingjichuanqi"	"xj_prelude2"	"img_laser.png"	"裂谷口 · 夜幕将合"
"xingjichuanqi"	"xj_01"	"img_zhuyuan_book.png"	"裂谷尽头"
"xingjichuanqi"	"xj_round"	"img_laser.png"	"决战处 · 裂谷尽头"
"xingjichuanqi"	"xj_end_look"	""	""
"xingjichuanqi"	"xj_end_souvenir"	""	""
"xingjichuanqi"	"xj_end_stay"	""	""
"xingjichuanqi"	"xj_card"	""	""
"xingjichuanqi"	"xj_death"	""	""
"xingjichuanqi2"	"xj2_00"	"xingjichuanqi2_bg.png"	"灰雾之心 ≪寂静岭·任务发布≫"
"xingjichuanqi2"	"xj2_01_l1_hub"	"img_zhuyuan_book.png"	"L1 · 迷雾矿洞"
"xingjichuanqi2"	"xj2_02_rail"	"img_zhuyuan_book.png"	"L1 · 废弃矿车轨道"
"xingjichuanqi2"	"xj2_02_shaft"	"img_zhuyuan_book.png"	"L1 · 塌方竖井"
"xingjichuanqi2"	"xj2_02_well"	"img_zhuyuan_book.png"	"L1 · 积水坑"
"xingjichuanqi2"	"xj2_02_cage"	"img_zhuyuan_book.png"	"L1 · 锈蚀铁笼"
"xingjichuanqi2"	"xj2_10_cavein"	"img_laser.png"	"L1 · 塌方竖井口"
"xingjichuanqi2"	"xj2_05_lamp"	"img_zhuyuan_book.png"	"L1 · 守灯老人的灯下"
"xingjichuanqi2"	"xj2_02_gate"	"img_laser.png"	"L1 · 矿道斜井出口"
"xingjichuanqi2"	"xj2_03_l2_hub"	"img_corridor.png"	"L2 · 废墟教堂"
"xingjichuanqi2"	"xj2_03_altar"	"img_corridor.png"	"L2 · 圣坛"
"xingjichuanqi2"	"xj2_03_conf"	"img_corridor.png"	"L2 · 忏悔室"
"xingjichuanqi2"	"xj2_03_pew"	"img_corridor.png"	"L2 · 长椅刻字"
"xingjichuanqi2"	"xj2_03_catacomb"	"img_laser.png"	"L2 · 地下墓穴入口"
"xingjichuanqi2"	"xj2_06_bell"	"img_corridor.png"	"L2 · 钟楼底"
"xingjichuanqi2"	"xj2_03_gate"	"img_laser.png"	"L2 · 教堂侧门"
"xingjichuanqi2"	"xj2_04_l3_hub"	"img_corridor.png"	"L3 · 灰雾医院"
"xingjichuanqi2"	"xj2_04_reg"	"img_corridor.png"	"L3 · 挂号台"
"xingjichuanqi2"	"xj2_04_ward"	"img_corridor.png"	"L3 · 303 病房"
"xingjichuanqi2"	"xj2_04_morgue"	"img_laser.png"	"L3 · 停尸房"
"xingjichuanqi2"	"xj2_04_roof"	"img_corridor.png"	"L3 · 雾中天台"
"xingjichuanqi2"	"xj2_07_night"	"img_corridor.png"	"L3 · 医院守夜岗"
"xingjichuanqi2"	"xj2_09_boss_round"	"img_laser.png"	"L3 · 深红手术室"
"xingjichuanqi2"	"xj2_30_judgement"	"img_laser.png"	"L3 · 深红手术室 · 审判台"
"xingjichuanqi2"	"xj2_31_forgive"	"img_laser.png"	"L3 · 审判台（宽恕之径）"
"xingjichuanqi2"	"xj2_32_revenge"	"img_laser.png"	"L3 · 审判台（复仇之径）"
"xingjichuanqi2"	"xj2_33_carry"	"img_laser.png"	"L3 · 审判台（背负之径）"
"xingjichuanqi2"	"xj2_gwin"	"img_laser.png"	"罪念守卫 · 消散"
"xingjichuanqi2"	"xj2_42_card"	""	""
"xingjichuanqi2"	"xj2_40_death_cavein"	""	""
"xingjichuanqi2"	"xj2_41_death_church"	""	""
"xingjichuanqi2"	"xj2_50_death"	""	""
"xingjijianchuan"	"xjj_00"	"xingjijianchuan_bg.png"	"舰腹 · 中央舱梯"
"xingjijianchuan"	"xjj_open_1"	"img_laser.png"	"主廊 · 无人却整洁的过道"
"xingjijianchuan"	"xjj_open_2"	"img_zhuyuan_book.png"	"人形舱 · 一段被清空的名字"
"xingjijianchuan"	"xjj_hub"	"img_redqueen.png"	"船腹中庭 · 星图下的环形广场"
"xingjijianchuan"	"xjj_pt_star"	"img_laser.png"	"观星舱 · 最后的深空"
"xingjijianchuan"	"xjj_pt_engine"	"img_zhuyuan_book.png"	"轮机舱 · 不再需要的引擎"
"xingjijianchuan"	"xjj_pt_sleep"	"img_redqueen.png"	"休眠舱 · 停止的呼吸"
"xingjijianchuan"	"xjj_n_nav"	"img_zhuyuan_book.png"	"观景窗前 · 与看星者对谈"
"xingjijianchuan"	"xjj_n_nav2"	"img_zhuyuan_book.png"	"导航残影 · 一句迟来的忠告"
"xingjijianchuan"	"xjj_pre_1"	"img_zhuyuan_book.png"	"通往舰桥的增压通道"
"xingjijianchuan"	"xjj_pre_2"	"img_redqueen.png"	"舰桥 · 舰桥叛乱AI"
"xingjijianchuan"	"xjj_01"	"img_zhuyuan_book.png"	"舰桥 · 决战处"
"xingjijianchuan"	"xjj_round"	"img_laser.png"	"决战处"
"xingjijianchuan"	"xjj_card"	""	""
"xingjijianchuan"	"xjj_death"	""	""
"xingjijianchuan"	"xjj_end_view"	"img_laser.png"	"观星舱 · 结局 · 为巨舰看完这片星海"
"xingjijianchuan"	"xjj_end_souv"	"img_zhuyuan_book.png"	"船腹中庭 · 结局 · 带走星图碎片"
"xingjijianchuan"	"xjj_end_stay"	"img_redqueen.png"	"舰桥边缘 · 结局 · 陪它远行"
"xinhuangfang"	"xf_00"	"xinhuangfang_bg.png"	"启动层 · 铁灰房间"
"xinhuangfang"	"xf_01_first"	"img_laser.png"	"启动层 · 铁灰房间"
"xinhuangfang"	"xf_10_arrive"	"img_laser.png"	"启动层 · 洗牌走廊"
"xinhuangfang"	"xf_01_room1"	"img_laser.png"	"启动层 · 铁灰房间壹"
"xinhuangfang"	"xf_02_room2"	"img_laser.png"	"启动层 · 铁灰房间贰 · 致命机关"
"xinhuangfang"	"xf_03_room3"	"img_laser.png"	"启动层 · 铁灰房间叁 · 死法"
"xinhuangfang"	"xf_04_draw1"	"img_laser.png"	"启动层 · 墙上画号（一）"
"xinhuangfang"	"xf_05_draw2"	"img_laser.png"	"启动层 · 夹层记号"
"xinhuangfang"	"xf_06_draw3"	"img_laser.png"	"启动层 · 褪色序列"
"xinhuangfang"	"xf_07_floor1"	"img_laser.png"	"启动层 · 血滴轨迹"
"xinhuangfang"	"xf_08_floor2"	"img_laser.png"	"启动层 · 空床位"
"xinhuangfang"	"xf_09_floor3"	"img_laser.png"	"启动层 · 揉皱纸条"
"xinhuangfang"	"xf_10_fight"	"img_laser.png"	"启动层 · 走廊 · 擦肩"
"xinhuangfang"	"xf_12_gate"	"img_laser.png"	"启动层 · 画号门甲（G1）"
"xinhuangfang"	"xf_20_arrive"	"img_redqueen.png"	"中层 · 编号回廊"
"xinhuangfang"	"xf_20_center"	"img_redqueen.png"	"中层 · 中心枢纽 · 生存者营地"
"xinhuangfang"	"xf_21_right"	"img_redqueen.png"	"中层 · 回廊暗格"
"xinhuangfang"	"xf_22_note"	"img_redqueen.png"	"中层 · 幸存者留言"
"xinhuangfang"	"xf_20_fight"	"img_redqueen.png"	"中层 · 编号回廊 · 交锋"
"xinhuangfang"	"xf_22_gate"	"img_redqueen.png"	"中层 · 画号门乙（G2）"
"xinhuangfang"	"xf_20_back"	"img_redqueen.png"	"中层 · 回廊返程"
"xinhuangfang"	"xf_30_arrive"	"img_zhuyuan_book.png"	"出口层 · 出口之室"
"xinhuangfang"	"xf_30_room"	"img_zhuyuan_book.png"	"出口层 · 出口之室"
"xinhuangfang"	"xf_31_mid"	"img_zhuyuan_book.png"	"出口层 · 中心暗房"
"xinhuangfang"	"xf_32_num"	"img_zhuyuan_book.png"	"出口层 · 编号墙"
"xinhuangfang"	"xf_30_fight"	"img_zhuyuan_book.png"	"出口层 · 必经交锋"
"xinhuangfang"	"xf_33_gate"	"img_zhuyuan_book.png"	"出口层 · 出口之门（G3）"
"xinhuangfang"	"xf_34_open"	"img_zhuyuan_book.png"	"出口层 · 白光之后"
"xinhuangfang"	"xf_40_kanshi"	"img_laser.png"	"出口层 · 角落 · 幸存者"
"xinhuangfang"	"xf_41_kanshi_peace"	"img_laser.png"	"出口层 · 幸存者 · 交托"
"xinhuangfang"	"xf_41_kanshi_down"	"img_laser.png"	"出口层 · 幸存者 · 制服"
"xinhuangfang"	"xf_42_kanshi_round"	"img_laser.png"	"出口层 · 与考验者交手"
"xinhuangfang"	"xf_43_kanshi_peace"	"img_laser.png"	"出口层 · 幸存者 · 让路"
"xinhuangfang"	"xf_38_ending"	"img_zhuyuan_book.png"	"出口层 · 白光尽头 · 抉择"
"xinhuangfang"	"xf_50_card"	""	""
"xinhuangfang"	"xf_51_lost"	""	""
"xinhuangfang"	"xf_90_trap_death"	""	""
"yinse"	"ys_00"	"img_ysd_l1_waste.png"	"主神广场 · 新任务门"
"yinse"	"ys_00_waro"	"img_ysd_l1_waste.png"	"主神广场 · 新任务门"
"yinse"	"ys_00_refuse"	"img_ysd_l1_waste.png"	"主神广场 · 新任务门"
"yinse"	"ys_01_drop"	"yinse_bg.png"	"L1 白银荒原 · 降落点"
"yinse"	"ys_03_asang_save"	"img_ysd_l1_waste.png"	"L1 战壕 · 救人"
"yinse"	"ys_03_asang_win"	"img_ysd_l1_waste.png"	"L1 战壕 · 救人"
"yinse"	"ys_03_asang"	"img_ysd_l1_waste.png"	"L1 · 阿桑（NPC）"
"yinse"	"ys_02_war_flags"	"img_ysd_l1_waste.png"	"L1 北废墟 · 战旗"
"yinse"	"ys_04_trench"	"img_ysd_l1_waste.png"	"L1 战壕汇合点"
"yinse"	"ys_05_lou_enter"	"img_ysd_l1_waste.png"	"L1 · 战潮王・髅战场"
"yinse"	"ys_05_lou_win"	"img_ysd_l1_waste.png"	"L1 · 战潮王・髅战场"
"yinse"	"ys_05_bypass"	"img_ysd_l1_waste.png"	"L1 战壕 · 绕过"
"yinse"	"ys_05_bypass_forced"	"img_ysd_l1_waste.png"	"L1 战壕 · 被堵"
"yinse"	"ys_05_ele1"	"img_ysd_l1_waste.png"	"L1 南电梯塔 · 电梯井"
"yinse"	"ys_05_ele1_open"	"img_ysd_l1_waste.png"	"L1 → L2 电梯井下行"
"yinse"	"ys_05_ele1_open_slope"	"img_ysd_l1_waste.png"	"L1 南侧塌方斜道"
"yinse"	"ys_06_city"	"img_ysd_l2_city.png"	"L2 都市遗迹 · 电梯到站台"
"yinse"	"ys_06_power_master"	"img_ysd_l2_city.png"	"L2 配电塔总控"
"yinse"	"ys_06_power_mid"	"img_ysd_l2_city.png"	"L2 配电塔 · 拔闸提示"
"yinse"	"ys_06_power_b"	"img_ysd_l2_city.png"	"L2 配电点 B"
"yinse"	"ys_06_power_c"	"img_ysd_l2_city.png"	"L2 配电点 C"
"yinse"	"ys_06_golem_fight"	"img_ysd_l2_city.png"	"L2 · 错序 · 符文电偶"
"yinse"	"ys_06_golem_win"	"img_ysd_l2_city.png"	"L2 配电塔"
"yinse"	"ys_06_power_done"	"img_ysd_l2_city.png"	"L2 都市街道 · 全面送电"
"yinse"	"ys_06_gate2"	"img_ysd_l2_city.png"	"L2 符文闸门前"
"yinse"	"ys_07_home_bones"	"img_ysd_l2_city.png"	"L2 居民骸骨长街"
"yinse"	"ys_07_xiaoshu"	"img_ysd_l2_city.png"	"L2 · 小枢"
"yinse"	"ys_07_xiaoshu_ok"	"img_ysd_l2_city.png"	"L2 · 小枢随行"
"yinse"	"ys_08_vault"	"img_ysd_l2_city.png"	"L2 隐藏库房"
"yinse"	"ys_08_vault_taken"	"img_ysd_l2_city.png"	"L2 隐藏库房 · 取走碎片"
"yinse"	"ys_09_factory"	"img_ysd_l3_factory.png"	"L3 机界升华工厂 · 入口"
"yinse"	"ys_09_assembly_line"	"img_ysd_l3_factory.png"	"L3 三神兵生产线"
"yinse"	"ys_09_proto_enter"	"img_ysd_l3_factory.png"	"L3 三神兵生产线 · 试作"
"yinse"	"ys_10_sublime"	"img_ysd_l3_factory.png"	"L3 升华装置启动间"
"yinse"	"ys_10_truth_found"	"img_ysd_l3_rift.png"	"L3 升华装置启动间 · 真相"
"yinse"	"ys_11_rift"	"img_ysd_l3_rift.png"	"L3 低纬度裂缝"
"yinse"	"ys_11_rift_fight"	"img_ysd_l3_rift.png"	"L3 裂缝口 · 战斗"
"yinse"	"ys_11_rift_lever"	"img_ysd_l3_rift.png"	"L3 裂缝机关拉杆"
"yinse"	"ys_11_rift_open"	"img_ysd_l3_rift.png"	"L3 裂缝传送激活"
"yinse"	"ys_11_rift_closed"	"img_ysd_l3_rift.png"	"L3 裂缝关闭"
"yinse"	"ys_11_rift_easter"	"img_ysd_l3_rift.png"	"L3 裂缝 · 彩蛋"
"yinse"	"ys_12_tomb"	"img_ysd_l4_arena.png"	"L4 环形墓道 · 决战祭坛前"
"yinse"	"ys_12_truth_talk"	"img_ysd_l4_arena.png"	"L4 决战祭坛前 · 真相"
"yinse"	"ys_12_peace"	"img_ysd_l4_arena.png"	"L4 决战祭坛前 · 交还"
"yinse"	"ys_12_machine_off"	"img_ysd_l3_factory.png"	"L3 升华装置启动间 · 强行关闭"
"yinse"	"ys_12_machine_off_back"	"img_ysd_l4_arena.png"	"L4 决战祭坛前"
"yinse"	"ys_12_tomb_side"	"img_ysd_l4_arena.png"	"L4 裂隙台 · 侧门落地"
"yinse"	"ys_12_stele"	"img_ysd_l4_arena.png"	"L4 瓦罗石碑"
"yinse"	"ys_13_fight_r1"	"img_ysd_l4_arena.png"	"L4 决战祭坛 · 一形态"
"yinse"	"ys_13_cast_check"	"img_ysd_l4_arena.png"	"L4 祭坛 · 符文检查"
"yinse"	"ys_13_round_r1"	"img_ysd_l4_arena.png"	"L4 · 决战 · 一形态"
"yinse"	"ys_waR0_cast"	"img_ysd_l3_rift.png"	"L4 祭坛 · 转场演出"
"yinse"	"ys_14_fight_r2"	"img_ysd_l4_arena.png"	"L4 决战祭坛 · 二形态"
"yinse"	"ys_14_round_r2"	"img_ysd_l4_arena.png"	"L4 · 决战 · 二形态"
"yinse"	"ys_15_ending_peace"	"img_ysd_l4_arena.png"	"L4 决战祭坛 · 撤离传送门"
"yinse"	"ys_15_ending_fire"	"img_ysd_l4_arena.png"	"L4 决战祭坛 · 撤离传送门"
"yinse"	"ys_15_ending_venge"	"img_ysd_l4_arena.png"	"L4 决战祭坛 · 撤离传送门"
"yinse"	"ys_16_settle"	""	""
"yinse"	"ys_17_settle_fire"	""	""
"yinse"	"ys_lose_r1"	""	""
"yinse"	"ys_lose_r2"	""	""
"yinse"	"ys_lose_common"	""	""
"yinse"	"ys_evac_beacon"	"img_ysd_l1_waste.png"	"撤离信标 · 提前结算"
"yinxiang"	"yx_00"	"yinxiang_bg.png"	"银白升降桥 · 突入点"
"yinxiang"	"yx_open_1"	"img_laser.png"	"舷窗 · 悬停在银白战场之上"
"yinxiang"	"yx_open_2"	"img_zhuyuan_book.png"	"主走廊 · 一段被冻结的战争"
"yinxiang"	"yx_hub"	"img_redqueen.png"	"舰桥主控区 · 环形观景廊"
"yinxiang"	"yx_pt_hull"	"img_laser.png"	"外部甲板 · 风化的损伤之窗"
"yinxiang"	"yx_pt_hero"	"img_zhuyuan_book.png"	"机师廊 · 无声纪念碑"
"yinxiang"	"yx_pt_engine"	"img_laser.png"	"主引擎舱 · 死去的火焰"
"yinxiang"	"yx_n_mech"	"img_redqueen.png"	"机修站 · 最后的工作者"
"yinxiang"	"yx_n_mech2"	"img_redqueen.png"	"机修站 · 一句遗愿"
"yinxiang"	"yx_pre_1"	"img_zhuyuan_book.png"	"通往舰桥的增压走廊"
"yinxiang"	"yx_pre_2"	"img_redqueen.png"	"舰桥 · 银色舰长的寂静王座"
"yinxiang"	"yx_01"	"img_zhuyuan_book.png"	"舰桥 · 决战处"
"yinxiang"	"yx_round"	"img_laser.png"	"决战处"
"yinxiang"	"yx_card"	""	""
"yinxiang"	"yx_death"	""	""
"yinxiang"	"yx_end_view"	"img_laser.png"	"观景廊 · 结局 · 远望星海"
"yinxiang"	"yx_end_souv"	"img_zhuyuan_book.png"	"外部甲板 · 结局 · 带走纪念"
"yinxiang"	"yx_end_stay"	"img_redqueen.png"	"舰桥 · 结局 · 陪他守到灯灭"
"yiying"	"yiy_s0_arrive"	"yiying_bg.png"	"贝蒂号登陆坞 · 主神光柱"
"yiying"	"yiy_s1_hall"	"img_corridor.png"	"L1 船员生活区 · 主走廊"
"yiying"	"yiy_s2_corpse"	"img_horde.png"	"L1 · 餐厅 · 第一具破尸"
"yiying"	"yiy_s2_fight"	"img_horde.png"	"L1 · 餐厅"
"yiying"	"yiy_s2_win"	"img_corridor.png"	"L1 · 餐厅"
"yiying"	"yiy_s_med_room"	"img_isolation.png"	"L1 · 医疗区"
"yiying"	"yiy_s_med_room2"	"img_isolation.png"	"L1 · 医疗区 · 器械柜"
"yiying"	"yiy_s_vents"	"img_corridor.png"	"L1 · 顶舱通风管口"
"yiying"	"yiy_s_elevator"	"img_corridor.png"	"L1 · 电梯井"
"yiying"	"yiy_s_l2_arrive"	"img_redqueen.png"	"L2 · 到达厅"
"yiying"	"yiy_s_lab_security"	"img_sterile_lab.png"	"L2 · 到达厅 · 安全柜"
"yiying"	"yiy_s_lab_chest"	"img_sterile_lab.png"	"L2 · 生物实验室 · 物资箱"
"yiying"	"yiy_s3_father"	"img_redqueen.png"	"L2 · 主控室（Father 核心）"
"yiying"	"yiy_s3_after"	"img_redqueen.png"	"L2 · 主控室"
"yiying"	"yiy_s3_flee"	"img_corridor.png"	"L2 · 主控室外走廊"
"yiying"	"yiy_s4_incubator"	"img_horde.png"	"L2 · 孵化室（卵区）"
"yiying"	"yiy_s5_med"	"img_corridor.png"	"L2 · 通往医疗舱的走廊"
"yiying"	"yiy_s_medlab"	"img_isolation.png"	"L2 · 医疗舱 · 取样台"
"yiying"	"yiy_s5_nest"	"img_horde.png"	"L2 · 孵化室 · 卵区边缘"
"yiying"	"yiy_s_nest_fire"	"img_horde.png"	"L2 · 卵区 · 烧巢点"
"yiying"	"yiy_s_burn_do"	"img_horde.png"	"L2 · 卵区"
"yiying"	"yiy_s_sample"	"img_sterile_lab.png"	"L2 · 取样台"
"yiying"	"yiy_s_airlock"	"img_corridor.png"	"L1 · 气闸区"
"yiying"	"yiy_s_airlock_ok"	"img_corridor.png"	"L1 · 气闸区"
"yiying"	"yiy_s_l3_arrive"	"img_laser.png"	"L3 · 电梯到达厅（引擎层）"
"yiying"	"yiy_s_pipe"	"img_redqueen.png"	"L3 · 反应堆管道区"
"yiying"	"yiy_s_queen_pre"	"img_laser.png"	"L3 · 皇后巢穴 · 卵房"
"yiying"	"yiy_s_queen_start"	"img_laser.png"	"L3 · 皇后巢穴"
"yiying"	"yiy_queen_round"	"img_laser.png"	"L3 · 皇后巢穴 · 决战"
"yiying"	"yiy_queen_win"	"img_laser.png"	"L3 · 皇后巢穴"
"yiying"	"yiy_s7_evac"	"img_redqueen.png"	"L3 · 引擎控制桥 · 引爆总闸"
"yiying"	"yiy_s7_cleanup"	"img_redqueen.png"	"L2 · 主控室 · Father 核心"
"yiying"	"yiy_s8_evac"	"img_train.png"	"L3 · 贝蒂号对接舱 (34,22)"
"yiying"	"yiy_win_acid"	""	""
"yiying"	"yiy_win_worker"	""	""
"yiying"	"yiy_win_burn"	""	""
"yiying"	"yiy_win_card"	""	""
"yiying"	"yiy_queen_win_card2"	""	""
"yiying"	"yiy_settle"	""	""
"yiying"	"yiy_s_father_npc"	"img_redqueen.png"	"L2 · 主控室 · Father 终端"
"yiying"	"yiy_s_call"	"img_corridor.png"	"L1 · 登陆坞 · 考尔"
"yiying"	"yiy_s_johnner"	"img_corridor.png"	"L1 · 登陆坞 · 约翰纳"
"yiying"	"yiy_dead_parasite"	""	""
"yiying"	"yiy_dead_nest"	""	""
"yiying"	"yiy_dead_airlock"	""	""
"yiying"	"yiy_dead_father"	""	""
"yiying"	"yiy_dead_pipe"	""	""
"yiying"	"yiy_dead_hunter"	""	""
"yize"	"yz_01_arrive"	"yize_bg.png"	"F1 遗迹外层 · 尘封巨门前厅"
"yize"	"yz_d_obs"	"img_laser.png"	"F1 柱廊北 · 观测室"
"yize"	"yz_d_supply"	"img_laser.png"	"F1 补给舱"
"yize"	"yz_n_zhangheng"	"img_laser.png"	"F1 观测室旁"
"yize"	"yz_d_trap"	"img_laser.png"	"F1 扫描陷阱回廊"
"yize"	"yz_f1_drone_fight"	"img_laser.png"	"F1 巨门门厅"
"yize"	"yz_f1_trapfight"	"img_laser.png"	"F1 扫描陷阱回廊"
"yize"	"yz_02_passage"	"img_laser.png"	"F1 主厅 · 巨门前"
"yize"	"yz_02_gate1"	"img_laser.png"	"F1 尘封巨门 · G1"
"yize"	"yz_03_city"	"img_redqueen.png"	"F2 中庭 · 能量矩阵大厅"
"yize"	"yz_d_battery"	"img_redqueen.png"	"F2 西翼 · 能量电池库"
"yize"	"yz_d_archive"	"img_redqueen.png"	"F2 东翼 · 记录档案馆"
"yize"	"yz_d_matrix"	"img_redqueen.png"	"F2 中央矩阵大厅"
"yize"	"yz_f2_phantom_fight"	"img_redqueen.png"	"F2 中央矩阵大厅"
"yize"	"yz_f2_ghost_fight"	"img_redqueen.png"	"F2 能量之井"
"yize"	"yz_03_gate2"	"img_redqueen.png"	"F2 北闸口 · G2"
"yize"	"yz_04_engine_hub"	"img_zhuyuan_book.png"	"F3 深廓 · 守卫引擎库"
"yize"	"yz_d_engine"	"img_zhuyuan_book.png"	"F3 中央引擎主舱"
"yize"	"yz_d_wrench1"	"img_zhuyuan_book.png"	"F3 中央引擎主舱"
"yize"	"yz_d_wrench2"	"img_zhuyuan_book.png"	"F3 中央引擎主舱"
"yize"	"yz_d_wrench3"	"img_zhuyuan_book.png"	"F3 中央引擎主舱"
"yize"	"yz_d_valve"	"img_zhuyuan_book.png"	"F3 排热阀"
"yize"	"yz_04_gate3"	"img_zhuyuan_book.png"	"F3 北升降轨道闸 · G3"
"yize"	"yz_05_sanctum"	"img_redqueen.png"	"F4 入口大厅 · 遗泽圣所"
"yize"	"yz_n_nianxikong"	"img_redqueen.png"	"F4 圣所入口"
"yize"	"yz_d_holo"	"img_laser.png"	"F4 全息立壁 · 遗泽纪录"
"yize"	"yz_04_hall"	"img_redqueen.png"	"F4 十字殿 · 四维护盾碎片阵"
"yize"	"yz_d_sh1"	"img_redqueen.png"	"F4 护盾碎片座 S1"
"yize"	"yz_d_sh2"	"img_redqueen.png"	"F4 护盾碎片座 S2"
"yize"	"yz_d_sh3"	"img_redqueen.png"	"F4 护盾碎片座 S3"
"yize"	"yz_d_sh4"	"img_redqueen.png"	"F4 护盾碎片座 S4"
"yize"	"yz_sh_wrong"	"img_redqueen.png"	"F4 十字殿"
"yize"	"yz_d_altar"	"img_redqueen.png"	"F4 祭坛 · 仲裁者"
"yize"	"yz_arb_round"	"img_redqueen.png"	"F4 圣所 · 仲裁者"
"yize"	"yz_arb_finisher"	"img_redqueen.png"	"F4 圣所 · 仲裁裁定"
"yize"	"yz_5_arb_win"	"img_redqueen.png"	"F4 圣所 · 仲裁者已沉默"
"yize"	"yz_05_ending_choice"	"img_redqueen.png"	"F4 遗泽圣所 · 祭坛"
"yize"	"yz_ga_round"	"img_redqueen.png"	"F4 祭坛 · 仲裁者残骸"
"yize"	"yz_ending_take"	"img_redqueen.png"	"F4 圣所 · 结局 · 带走"
"yize"	"yz_ending_warn"	"img_redqueen.png"	"F4 圣所 · 结局 · 留下警示"
"yize"	"yz_ending_graverob"	"img_redqueen.png"	"F4 圣所 · 结局 · 强夺"
"yize"	"yz_settle_card"	""	""
"yize"	"yz_lose_arb"	""	""
"yize"	"yz_end_gate"	"img_redqueen.png"	"F4 北端 · 通关传送门"
"yizhong"	"yz_00"	"yizhong_bg.png"	"外星基因实验室 · 入口闸"
"yizhong"	"yz_hub"	"yizhong_bg.png"	"基因实验室 · 主过道"
"yizhong"	"yz_pt_vat"	"yizhong_bg.png"	"基因实验室 · 培养舱区"
"yizhong"	"yz_pt_console"	"yizhong_bg.png"	"主控台 · 实验日志"
"yizhong"	"yz_pt_cocoon"	"yizhong_bg.png"	"实验室 · 异形茧室"
"yizhong"	"yz_pt_shed"	"yizhong_bg.png"	"实验室 · 蜕皮标本"
"yizhong"	"yz_pt_scars"	"yizhong_bg.png"	"实验室 · 灭菌走廊"
"yizhong"	"yz_np_doctor"	"yizhong_bg.png"	"实验室 · 隔离舱"
"yizhong"	"yz_np_tech"	"yizhong_bg.png"	"实验室 · 副控室"
"yizhong"	"yz_01b_prep"	"yizhong_bg.png"	"茧室核心 · 成体显现"
"yizhong"	"yz_01"	"img_zhuyuan_book.png"	"茧室核心"
"yizhong"	"yz_round"	"img_laser.png"	"茧室核心 · 决战处"
"yizhong"	"yz_end_choice"	"yizhong_bg.png"	"决战之后 · 实验室闸外"
"yizhong"	"yz_card"	""	""
"yizhong"	"yz_death"	""	""
"zhouyuan"	"zy_01"	"scene_zy_house_exterior.png"	"佐伯家 · 玄关"
"zhouyuan"	"zy_02"	"scene_zy_house_exterior.png"	"佐伯家 · 玄关"
"zhouyuan"	"zy_02_shoe"	"scene_zy_house_exterior.png"	"佐伯家 · 玄关 · 儿童雨鞋"
"zhouyuan"	"zy_03_butsudan"	"scene_zy_house_exterior.png"	"F1 · 佛龛·储物间"
"zhouyuan"	"zy_03_back"	"scene_zy_house_exterior.png"	"F1 · 玄关/客厅间"
"zhouyuan"	"zy_03_fridge"	"scene_zy_house_exterior.png"	"F1 · 厨房 · 冰箱"
"zhouyuan"	"zy_03_knife"	"scene_zy_house_exterior.png"	"F1 · 厨房"
"zhouyuan"	"zy_03_tv"	"scene_zy_house_exterior.png"	"F1 · 客厅 · 电视"
"zhouyuan"	"zy_03_coffee"	"scene_zy_house_exterior.png"	"F1 · 客厅 · 茶几"
"zhouyuan"	"zy_04"	"scene_zy_corridor.png"	"佐伯家 · 一楼楼梯口"
"zhouyuan"	"zy_04_trap"	"scene_zy_attic.png"	"F3 · 阁楼天窗侧"
"zhouyuan"	"zy_05"	"scene_zy_corridor.png"	"佐伯家 · 二楼走廊"
"zhouyuan"	"zy_05_wallpaper"	"scene_zy_corridor.png"	"F2 · 走廊 · 壁纸"
"zhouyuan"	"zy_05_encounter"	"scene_zy_corridor.png"	"F2 · 走廊"
"zhouyuan"	"zy_05_win"	"scene_zy_corridor.png"	"F2 · 走廊"
"zhouyuan"	"zy_06"	"scene_zy_room.png"	"F2 · 和室·次卧"
"zhouyuan"	"zy_06_tatami"	"scene_zy_room.png"	"F2 · 和室"
"zhouyuan"	"zy_06_kakejiku"	"scene_zy_room.png"	"F2 · 和室 · 挂轴"
"zhouyuan"	"zy_07"	"scene_zy_room.png"	"F2 · 主卧门"
"zhouyuan"	"zy_07_forcetrap"	"scene_zy_room.png"	"F2 · 主卧门"
"zhouyuan"	"zy_07_clock"	"scene_zy_corridor.png"	"F2 · 走廊 · 挂钟"
"zhouyuan"	"zy_08_bedroom"	"scene_zy_room.png"	"F2 · 主卧（伽椰子卧房）"
"zhouyuan"	"zy_08_bed"	"scene_zy_room.png"	"F2 · 主卧 · 床边"
"zhouyuan"	"zy_08_wardrobe"	"scene_zy_room.png"	"F2 · 主卧 · 衣柜"
"zhouyuan"	"zy_08_bathroom"	"scene_zy_room.png"	"F2 · 浴室"
"zhouyuan"	"zy_09_mirror"	"scene_zy_room.png"	"F2 · 浴室 · 镜子"
"zhouyuan"	"zy_09_vent"	"scene_zy_room.png"	"F2 · 浴室 · 排风扇"
"zhouyuan"	"zy_10_toys"	"scene_zy_room.png"	"F2 · 俊雄房间"
"zhouyuan"	"zy_10_toys2"	"scene_zy_room.png"	"F2 · 俊雄房间"
"zhouyuan"	"zy_10_atticdoor"	"scene_zy_attic.png"	"F2 · 阁楼楼梯口"
"zhouyuan"	"zy_10_toshio"	"scene_zy_room.png"	"F2 · 俊雄房间 · 精英战"
"zhouyuan"	"zy_10_toshio_win"	"scene_zy_room.png"	"F2 · 俊雄房间"
"zhouyuan"	"zy_10_toshio_win2"	"scene_zy_attic.png"	"F2 · 阁楼楼梯口"
"zhouyuan"	"zy_11_corpse"	"scene_zy_attic.png"	"F3 · 阁楼夹层"
"zhouyuan"	"zy_11_mourned"	"scene_zy_attic.png"	"F3 · 阁楼 · 藏尸处"
"zhouyuan"	"zy_11_burn"	"scene_zy_attic.png"	"F3 · 阁楼"
"zhouyuan"	"zy_11_diary"	"scene_zy_attic.png"	"F3 · 阁楼 · 旧皮箱"
"zhouyuan"	"zy_12"	"scene_zy_attic.png"	"F3 · 阁楼台阶/地下室交界"
"zhouyuan"	"zy_13_basement"	"scene_zy_battle.png"	"F3 · 地下室"
"zhouyuan"	"zy_13_basement_trap"	"scene_zy_battle.png"	"F3 · 地下室 · 绕行"
"zhouyuan"	"zy_14_well"	"scene_zy_battle.png"	"F3 · 地下室 · 黑发井/结界圈"
"zhouyuan"	"zy_15_fight"	"scene_zy_battle.png"	"佐伯家 · 地下室结界圈"
"zhouyuan"	"zy_boss_round"	"scene_zy_battle.png"	"佐伯家 · 地下室 · 黑发领域"
"zhouyuan"	"zy_16_win"	"scene_zy_battle.png"	"佐伯家 · 地下室结界"
"zhouyuan"	"zy_16_card_exorcism"	""	""
"zhouyuan"	"zy_16_card_strong"	""	""
"zhouyuan"	"zy_17_lose"	""	""
"zhouyuan"	"zy_17_lose_curse"	""	""
"zhouyuan"	"zy_17_lose_wall"	""	""
"zhouyuan"	"zy_17_lose_san"	""	""
"zhouyuan"	"zy_17_lose_late"	""	""
"zhouyuan"	"zy_18_dawn"	"scene_zy_attic.png"	"F3 · 阁楼 · 天窗"
"zhouyuan"	"zy_do_teleport"	""	""
"zhouyuan"	"zy_19_done"	""	""
"zhouyuan"	"zy_00_teammate"	"scene_zy_house_exterior.png"	"佐伯家 · 玄关"
